occ,skill,demand,confidence,weight,source,mentions,n_postings
11-3021.00,Shell script,0.0,0.9,0.27,onet,0,51
11-3021.00,Tableau,0.0,0.9,0.27,onet,0,51
11-3021.00,AWS,0.05989,0.9139,0.33776,both,3,51
11-3021.00,Microsoft Word,0.0,0.9,0.27,onet,0,51
11-3021.00,Extensible markup language XML,0.0,0.9,0.27,onet,0,51
11-3021.00,Leadership,0.6026,0.7878,0.78775,postings,31,51
11-3021.00,Oracle PeopleSoft,0.0,0.9,0.27,onet,0,51
11-3021.00,MySQL,0.0,0.9,0.27,onet,0,51
11-3021.00,SAS,0.01211,0.9049,0.28419,both,1,51
11-3021.00,PHP,0.0,0.9,0.27,onet,0,51
11-3021.00,Microsoft Access,0.01211,0.9049,0.28419,both,1,51
11-3021.00,JavaScript,0.02408,0.9049,0.29678,both,1,51
11-3021.00,CICS,0.0206,0.7146,0.23149,both,1,51
11-3021.00,Hadoop,0.0,0.9,0.27,onet,0,51
11-3021.00,Agile,0.16087,0.2953,0.14378,postings,7,51
11-3021.00,Node.js,0.0,0.9,0.27,onet,0,51
11-3021.00,SPSS,0.0,0.9,0.27,onet,0,51
11-3021.00,Oracle DB,0.0,0.9,0.27,onet,0,51
11-3021.00,Networking,0.17989,0.3624,0.18443,postings,9,51
11-3021.00,SQL,0.11486,0.9259,0.40131,both,6,51
11-3021.00,Java,0.025,0.9095,0.29927,both,2,51
11-3021.00,Risk Assessment,0.20042,0.3624,0.19307,postings,9,51
11-3021.00,EAI,0.0,0.9,0.27,onet,0,51
11-3021.00,Problem Solving,0.23065,0.4512,0.25625,postings,12,51
11-3021.00,C#,0.05974,0.9139,0.3376,both,3,51
11-3021.00,Microsoft Outlook,0.0,0.9,0.27,onet,0,51
11-3021.00,Teradata Database,0.0,0.9,0.27,onet,0,51
11-3021.00,Jira,0.0,0.9,0.27,onet,0,51
11-3021.00,Hypertext markup language HTML,0.0,0.9,0.27,onet,0,51
11-3021.00,MongoDB,0.0,0.9,0.27,onet,0,51
11-3021.00,Splunk,0.0,0.9,0.27,onet,0,51
11-3021.00,Spring Framework,0.0,0.9,0.27,onet,0,51
11-3021.00,Linux,0.08886,0.9221,0.37182,both,5,51
11-3021.00,Microsoft Visual Basic,0.0,0.9,0.27,onet,0,51
11-3021.00,Eclipse IDE,0.0,0.9,0.27,onet,0,51
11-3021.00,Microsoft Exchange,0.02408,0.7146,0.23438,both,1,51
11-3021.00,SharePoint,0.03048,0.9095,0.30505,both,2,51
11-3021.00,Apache Maven,0.0,0.9,0.27,onet,0,51
11-3021.00,R,0.02062,0.9049,0.29314,both,1,51
11-3021.00,Project Management,0.25346,0.5034,0.29924,postings,14,51
11-3021.00,Microsoft Windows Server,0.0,0.9,0.27,onet,0,51
11-3021.00,SSRS,0.0,0.9,0.27,onet,0,51
11-3021.00,ASP,0.02408,0.9049,0.29678,both,1,51
11-3021.00,MATLAB,0.0,0.9,0.27,onet,0,51
11-3021.00,VMware,0.04495,0.7418,0.26127,both,3,51
11-3021.00,Google Analytics,0.0,0.9,0.27,onet,0,51
11-3021.00,Microsoft Project,0.0,0.9,0.27,onet,0,51
11-3021.00,Microsoft Visio,0.0,0.9,0.27,onet,0,51
11-3021.00,Azure,0.13097,0.9295,0.42027,both,7,51
11-3021.00,Apple macOS,0.0,0.9,0.27,onet,0,51
11-3021.00,Oracle PL/SQL,0.0,0.9,0.27,onet,0,51
11-3021.00,MIS,0.01227,0.7146,0.22457,both,1,51
11-3021.00,PostgreSQL,0.0,0.9,0.27,onet,0,51
11-3021.00,.NET,0.0,0.9,0.27,onet,0,51
11-3021.00,SAP,0.08962,0.9181,0.37102,both,4,51
11-3021.00,Microsoft Visual Studio,0.0,0.9,0.27,onet,0,51
11-3021.00,Perl,0.0,0.9,0.27,onet,0,51
11-3021.00,Apache Tomcat,0.0,0.9,0.27,onet,0,51
11-3021.00,Excel,0.03938,0.9095,0.31446,both,2,51
11-3021.00,Puppet,0.0,0.9,0.27,onet,0,51
11-3021.00,PowerPoint,0.02313,0.9049,0.29578,both,1,51
11-3021.00,Apache Cassandra,0.0,0.9,0.27,onet,0,51
11-3021.00,Cloud Computing,0.15187,0.3297,0.15707,postings,8,51
11-3021.00,Communication,0.23635,0.4512,0.25923,postings,12,51
11-3021.00,Python,0.04667,0.9095,0.32216,both,2,51
11-3021.00,Optimization,0.11313,0.2592,0.11181,postings,6,51
11-3021.00,NoSQL,0.0,0.9,0.27,onet,0,51
11-3021.00,UNIX,0.04391,0.9095,0.31925,both,2,51
11-3021.00,C++,0.025,0.9095,0.29927,both,2,51
11-3021.00,SQL Server,0.06666,0.9139,0.34495,both,3,51
11-3021.00,Help desk,0.03274,0.7285,0.24627,both,2,51
11-3021.00,C,0.01211,0.9049,0.28419,both,1,51
13-1082.00,Blink,0.00052,0.7146,0.21478,both,1,2162
13-1082.00,GitHub,0.00032,0.9049,0.27177,both,1,2162
13-1082.00,Google Drive,0.00058,0.7285,0.21901,both,2,2162
13-1082.00,Microsoft Word,0.01958,0.9878,0.3167,both,42,2162
13-1082.00,Leadership,0.46058,1.0,0.78528,postings,985,2162
13-1082.00,Oracle PeopleSoft,0.00053,0.9049,0.27196,both,1,2162
13-1082.00,Bentley MicroStation,0.00054,0.9049,0.27198,both,1,2162
13-1082.00,SAS,0.00098,0.9095,0.2738,both,2,2162
13-1082.00,Google Slides,0.00211,0.7544,0.22799,both,4,2162
13-1082.00,Microsoft Project,0.04175,0.9989,0.34363,both,91,2162
13-1082.00,Marketo Marketing Automation,0.0,0.9,0.27,onet,0,2162
13-1082.00,Microsoft Visio,0.0011,0.9139,0.27524,both,3,2162
13-1082.00,Microsoft Access,0.0,0.9,0.27,onet,0,2162
13-1082.00,Azure,0.02357,0.9918,0.32217,both,50,2162
13-1082.00,Salesforce,0.02365,0.9909,0.32197,both,48,2162
13-1082.00,Apple macOS,0.0,0.9,0.27,onet,0,2162
13-1082.00,MIS,0.00235,0.7664,0.23181,both,5,2162
13-1082.00,Agile,0.18122,1.0,0.49094,postings,387,2162
13-1082.00,SAP,0.0266,0.9939,0.32603,both,56,2162
13-1082.00,Autodesk AutoCAD Civil 3D,0.0,0.9,0.27,onet,0,2162
13-1082.00,SPSS,0.0,0.9,0.27,onet,0,2162
13-1082.00,Oracle DB,0.0,0.9,0.27,onet,0,2162
13-1082.00,Intuit QuickBooks,0.0,0.9,0.27,onet,0,2162
13-1082.00,Cisco Webex,0.0,0.9,0.27,onet,0,2162
13-1082.00,InDesign,0.002,0.9221,0.27858,both,5,2162
13-1082.00,Photoshop,0.0042,0.9362,0.28502,both,9,2162
13-1082.00,SAN,0.05475,0.9978,0.35688,postings,122,2162
13-1082.00,Risk Assessment,0.1273,1.0,0.43412,postings,277,2162
13-1082.00,Slack,0.00385,0.9362,0.28467,both,9,2162
13-1082.00,Excel,0.19767,1.0,0.50827,both,432,2162
13-1082.00,Trimble SketchUp Pro,0.0,0.9,0.27,onet,0,2162
13-1082.00,Oracle Primavera Enterprise Project Portfolio Management,0.0,0.9,0.27,onet,0,2162
13-1082.00,PowerPoint,0.08496,1.0,0.38951,both,181,2162
13-1082.00,Skype,0.00114,0.7418,0.22343,both,3,2162
13-1082.00,Airtable,0.00137,0.7418,0.2236,both,3,2162
13-1082.00,Problem Solving,0.23887,1.0,0.55168,postings,509,2162
13-1082.00,Confluence,0.02682,0.9948,0.32654,both,59,2162
13-1082.00,Google Workspace,0.0023,0.9221,0.27887,both,5,2162
13-1082.00,Git,0.00104,0.9095,0.27385,both,2,2162
13-1082.00,Microsoft Outlook,0.00097,0.9095,0.27379,both,2,2162
13-1082.00,Jira,0.07418,1.0,0.37815,both,159,2162
13-1082.00,Google Docs,0.00142,0.9139,0.27555,both,3,2162
13-1082.00,Dropbox,0.00328,0.7886,0.2393,both,7,2162
13-1082.00,Smartsheet,0.03764,0.9922,0.33701,both,73,2162
13-1082.00,Communication,0.41424,1.0,0.73645,postings,889,2162
13-1082.00,Asana,0.01438,0.9788,0.30846,both,31,2162
13-1082.00,Microsoft Dynamics,0.00318,0.7886,0.23922,both,7,2162
13-1082.00,Adobe Acrobat,0.00355,0.933,0.28338,both,8,2162
13-1082.00,Linux,0.00201,0.9181,0.27738,both,4,2162
13-1082.00,Microsoft Visual Basic,0.0,0.9,0.27,onet,0,2162
13-1082.00,NetSuite ERP,0.00052,0.7146,0.21478,both,1,2162
13-1082.00,Microsoft Teams,0.00431,0.9362,0.28512,both,9,2162
13-1082.00,SharePoint,0.02907,0.995,0.32898,both,60,2162
13-1082.00,Tableau,0.00954,0.9632,0.29864,both,20,2162
13-1082.00,Project Management,0.66438,1.0,1.0,postings,1429,2162
13-1082.00,Loom,0.00045,0.7146,0.21473,both,1,2162
13-1082.00,Zoom,0.0075,0.9573,0.29474,both,17,2162
13-1082.00,Procore,0.02171,0.9909,0.31995,both,48,2162
13-1082.00,VBA,0.00231,0.9221,0.27888,both,5,2162
13-1082.00,Microsoft Windows,0.0,0.9,0.27,onet,0,2162
13-1111.00,Data Visualization,0.08572,0.9093,0.42219,postings,48,545
13-1111.00,Shell script,0.0,0.9,0.27,onet,0,545
13-1111.00,Hibernate ORM,0.0,0.9,0.27,onet,0,545
13-1111.00,Tableau,0.05804,0.9777,0.40208,both,30,545
13-1111.00,AWS,0.01716,0.9362,0.31167,both,9,545
13-1111.00,CSS,0.00144,0.9049,0.27397,both,1,545
13-1111.00,MEDITECH,0.0,0.9,0.27,onet,0,545
13-1111.00,Statistics,0.06925,0.8577,0.37117,postings,39,545
13-1111.00,Microsoft Word,0.00643,0.9181,0.28675,both,4,545
13-1111.00,Apache Subversion SVN,0.0,0.9,0.27,onet,0,545
13-1111.00,Spark,0.0,0.9,0.27,onet,0,545
13-1111.00,Extensible markup language XML,0.0,0.9,0.27,onet,0,545
13-1111.00,Transact-SQL,0.0,0.9,0.27,onet,0,545
13-1111.00,Epic Systems,0.0,0.9,0.27,onet,0,545
13-1111.00,Leadership,0.22016,0.998,0.72056,postings,124,545
13-1111.00,Oracle PeopleSoft,0.0,0.9,0.27,onet,0,545
13-1111.00,MySQL,0.00544,0.9139,0.28371,both,3,545
13-1111.00,SAS,0.01742,0.9362,0.31213,both,9,545
13-1111.00,jQuery,0.0,0.9,0.27,onet,0,545
13-1111.00,Microsoft Dynamics GP,0.00107,0.7146,0.21586,both,1,545
13-1111.00,Marketo Marketing Automation,0.0,0.9,0.27,onet,0,545
13-1111.00,PHP,0.0,0.9,0.27,onet,0,545
13-1111.00,Microsoft Access,0.00205,0.9049,0.27502,both,1,545
13-1111.00,JavaScript,0.01582,0.933,0.30818,both,8,545
13-1111.00,Salesforce,0.04618,0.9699,0.37682,both,24,545
13-1111.00,Hadoop,0.0,0.9,0.27,onet,0,545
13-1111.00,Agile,0.32922,0.9999,0.93096,postings,179,545
13-1111.00,SSIS,0.00381,0.9139,0.28085,both,3,545
13-1111.00,Data Analysis,0.22048,0.9976,0.72094,postings,121,545
13-1111.00,ESRI ArcGIS,0.0,0.9,0.27,onet,0,545
13-1111.00,Node.js,0.0,0.9,0.27,onet,0,545
13-1111.00,SPSS,0.0,0.9,0.27,onet,0,545
13-1111.00,Oracle DB,0.00205,0.9049,0.27501,both,1,545
13-1111.00,Cisco Webex,0.0,0.9,0.27,onet,0,545
13-1111.00,SQL,0.19559,0.9995,0.67458,both,106,545
13-1111.00,Java,0.01261,0.9295,0.30133,both,7,545
13-1111.00,Drupal,0.0032,0.7285,0.22303,both,2,545
13-1111.00,UML,0.00825,0.7544,0.23825,both,4,545
13-1111.00,Risk Assessment,0.06014,0.8173,0.33941,postings,34,545
13-1111.00,Trimble SketchUp Pro,0.0,0.9,0.27,onet,0,545
13-1111.00,Oracle Primavera Enterprise Project Portfolio Management,0.0,0.9,0.27,onet,0,545
13-1111.00,Problem Solving,0.28704,0.9996,0.84988,postings,157,545
13-1111.00,Alteryx,0.00767,0.9181,0.28894,both,4,545
13-1111.00,Confluence,0.05317,0.9753,0.39202,both,28,545
13-1111.00,C#,0.00543,0.9139,0.2837,both,3,545
13-1111.00,Microsoft Outlook,0.0,0.9,0.27,onet,0,545
13-1111.00,Teradata Database,0.0,0.9,0.27,onet,0,545
13-1111.00,Jira,0.12849,0.9967,0.54447,both,68,545
13-1111.00,Google Docs,0.0032,0.9095,0.27843,both,2,545
13-1111.00,Hypertext markup language HTML,0.0,0.9,0.27,onet,0,545
13-1111.00,Go,0.0,0.9,0.27,onet,0,545
13-1111.00,Requirements Analysis,0.14249,0.9807,0.56209,postings,79,545
13-1111.00,JavaScript Object Notation JSON,0.0,0.9,0.27,onet,0,545
13-1111.00,MongoDB,0.0,0.9,0.27,onet,0,545
13-1111.00,JUnit,0.0,0.9,0.27,onet,0,545
13-1111.00,Splunk,0.0,0.9,0.27,onet,0,545
13-1111.00,Spring Framework,0.0,0.9,0.27,onet,0,545
13-1111.00,Adobe Acrobat,0.0,0.9,0.27,onet,0,545
13-1111.00,Redshift,0.00546,0.9139,0.28374,both,3,545
13-1111.00,Linux,0.00563,0.9139,0.28404,both,3,545
13-1111.00,Microsoft Visual Basic,0.0,0.9,0.27,onet,0,545
13-1111.00,Eclipse IDE,0.0,0.9,0.27,onet,0,545
13-1111.00,SharePoint,0.05382,0.9777,0.39417,both,30,545
13-1111.00,Microsoft Teams,0.00351,0.9095,0.27898,both,2,545
13-1111.00,Apache Maven,0.0,0.9,0.27,onet,0,545
13-1111.00,R,0.01826,0.9393,0.31469,both,10,545
13-1111.00,Project Management,0.2506,0.999,0.77963,postings,139,545
13-1111.00,SSRS,0.0,0.9,0.27,onet,0,545
13-1111.00,VBA,0.0062,0.9139,0.28503,both,3,545
13-1111.00,Microsoft Windows,0.00208,0.9049,0.27506,both,1,545
13-1111.00,Power BI,0.04088,0.9683,0.36638,both,23,545
13-1111.00,GitHub,0.00129,0.9049,0.2737,both,1,545
13-1111.00,ASP,0.0,0.9,0.27,onet,0,545
13-1111.00,MATLAB,0.00195,0.9049,0.27485,both,1,545
13-1111.00,Elasticsearch,0.0,0.9,0.27,onet,0,545
13-1111.00,Apache Hive,0.0,0.9,0.27,onet,0,545
13-1111.00,VMware,0.00147,0.7146,0.2164,both,1,545
13-1111.00,Google Analytics,0.0067,0.9181,0.28722,both,4,545
13-1111.00,Microsoft Project,0.00604,0.9181,0.28607,both,4,545
13-1111.00,Fund accounting,0.00814,0.7544,0.23808,both,4,545
13-1111.00,Microsoft Visio,0.00735,0.9181,0.28837,both,4,545
13-1111.00,Relational database management,0.00212,0.7146,0.2173,both,1,545
13-1111.00,Azure,0.03584,0.9632,0.35513,both,20,545
13-1111.00,Selenium,0.00333,0.9095,0.27866,both,2,545
13-1111.00,Apple macOS,0.0,0.9,0.27,onet,0,545
13-1111.00,Kafka,0.0,0.9,0.27,onet,0,545
13-1111.00,Oracle Eloqua,0.00183,0.7146,0.2169,both,1,545
13-1111.00,Oracle PL/SQL,0.0,0.9,0.27,onet,0,545
13-1111.00,Chef,0.0,0.9,0.27,onet,0,545
13-1111.00,PLM,0.00531,0.7418,0.23009,both,3,545
13-1111.00,PostgreSQL,0.0,0.9,0.27,onet,0,545
13-1111.00,.NET,0.00543,0.9139,0.2837,both,3,545
13-1111.00,SAP,0.04887,0.9753,0.38398,both,28,545
13-1111.00,Microsoft Visual Studio,0.0,0.9,0.27,onet,0,545
13-1111.00,Perl,0.00127,0.9049,0.27366,both,1,545
13-1111.00,InDesign,0.00214,0.9049,0.27518,both,1,545
13-1111.00,Ansible,0.0,0.9,0.27,onet,0,545
13-1111.00,Scala,0.0,0.9,0.27,onet,0,545
13-1111.00,Bash,0.00204,0.9049,0.27501,both,1,545
13-1111.00,Apache Tomcat,0.0,0.9,0.27,onet,0,545
13-1111.00,Excel,0.29011,1.0,0.85607,both,156,545
13-1111.00,PowerShell,0.0062,0.9139,0.28503,both,3,545
13-1111.00,Puppet,0.0,0.9,0.27,onet,0,545
13-1111.00,PowerPoint,0.1158,0.9959,0.51984,both,64,545
13-1111.00,Skype,0.00205,0.7146,0.2172,both,1,545
13-1111.00,Swift,0.00203,0.9049,0.27499,both,1,545
13-1111.00,Apache Cassandra,0.0,0.9,0.27,onet,0,545
13-1111.00,Angular,0.00558,0.9139,0.28396,both,3,545
13-1111.00,AJAX,0.0,0.9,0.27,onet,0,545
13-1111.00,Git,0.00129,0.9049,0.2737,both,1,545
13-1111.00,Ruby,0.0061,0.9139,0.28486,both,3,545
13-1111.00,Communication,0.36518,1.0,0.99996,postings,201,545
13-1111.00,Python,0.05806,0.9777,0.40212,both,30,545
13-1111.00,Microsoft Dynamics,0.0081,0.7778,0.2454,both,6,545
13-1111.00,Optimization,0.07633,0.8775,0.39166,postings,42,545
13-1111.00,NoSQL,0.00127,0.9049,0.27366,both,1,545
13-1111.00,UNIX,0.00475,0.9139,0.28251,both,3,545
13-1111.00,Data Modeling,0.05616,0.7981,0.32536,postings,32,545
13-1111.00,C++,0.00397,0.9095,0.27978,both,2,545
13-1111.00,Microsoft Team Foundation Server,0.00666,0.9181,0.28716,both,4,545
13-1111.00,Microsoft ASP.NET,0.0,0.9,0.27,onet,0,545
13-1111.00,SQL Server,0.00875,0.9221,0.2921,both,5,545
13-1111.00,Amazon Elastic Compute Cloud EC2,0.0,0.9,0.27,onet,0,545
13-1111.00,Workflow,0.08287,0.8997,0.41284,postings,46,545
13-1111.00,LexisNexis,0.00144,0.7146,0.21637,both,1,545
13-1111.00,C,0.00254,0.9095,0.27728,both,2,545
13-1161.01,Adobe Analytics,0.03797,0.9295,0.31237,both,7,193
13-1161.01,BrightEdge,0.00554,0.7146,0.21815,both,1,193
13-1161.01,CSS,0.08023,0.9528,0.35841,both,15,193
13-1161.01,Microsoft Word,0.00555,0.9049,0.27623,both,1,193
13-1161.01,Leadership,0.27971,0.9328,0.52758,postings,54,193
13-1161.01,CMS,0.06797,0.9451,0.34453,both,12,193
13-1161.01,MySQL,0.0,0.9,0.27,onet,0,193
13-1161.01,Elasticsearch,0.00601,0.9049,0.27663,both,1,193
13-1161.01,Google Analytics,0.31448,0.9953,0.59577,both,61,193
13-1161.01,Microsoft Project,0.0,0.9,0.27,onet,0,193
13-1161.01,Marketo Marketing Automation,0.0,0.9,0.27,onet,0,193
13-1161.01,PHP,0.00602,0.9049,0.27664,both,1,193
13-1161.01,Microsoft Visio,0.0,0.9,0.27,onet,0,193
13-1161.01,Algorithms,0.10207,0.6321,0.2509,postings,20,193
13-1161.01,Microsoft Access,0.0,0.9,0.27,onet,0,193
13-1161.01,JavaScript,0.03107,0.9259,0.3051,both,6,193
13-1161.01,Screaming Frog SEO Spider,0.0,0.9,0.27,onet,0,193
13-1161.01,Salesforce,0.05251,0.4231,0.14801,postings,11,193
13-1161.01,Google Looker Analytics,0.0,0.9,0.27,onet,0,193
13-1161.01,Semrush,0.15773,0.9777,0.43974,both,30,193
13-1161.01,WhatsApp,0.00584,0.7146,0.21835,both,1,193
13-1161.01,Data Analysis,0.10192,0.6321,0.25081,postings,20,193
13-1161.01,seoClarity,0.01649,0.7418,0.23415,both,3,193
13-1161.01,Networking,0.06098,0.4231,0.15141,postings,11,193
13-1161.01,Bing Ads,0.03242,0.9295,0.30748,both,7,193
13-1161.01,SQL,0.10225,0.9593,0.38094,both,18,193
13-1161.01,Java,0.01174,0.9095,0.28299,both,2,193
13-1161.01,Photoshop,0.03792,0.9295,0.31233,both,7,193
13-1161.01,Drupal,0.01164,0.7285,0.22662,both,2,193
13-1161.01,Excel,0.17372,0.9826,0.45687,both,35,193
13-1161.01,Twitter,0.07454,0.8583,0.31824,both,15,193
13-1161.01,PowerPoint,0.06679,0.9478,0.34445,both,13,193
13-1161.01,Web Development,0.06121,0.4512,0.16158,postings,12,193
13-1161.01,HubSpot,0.09207,0.9593,0.37167,both,18,193
13-1161.01,Problem Solving,0.13446,0.7135,0.30514,postings,25,193
13-1161.01,Google Ads,0.16479,0.9798,0.44726,both,32,193
13-1161.01,Digital Marketing,0.7372,0.9992,0.99922,postings,143,193
13-1161.01,AJAX,0.0,0.9,0.27,onet,0,193
13-1161.01,Apache Solr,0.00601,0.7146,0.21847,both,1,193
13-1161.01,Microsoft Outlook,0.00497,0.9049,0.27574,both,1,193
13-1161.01,Hypertext markup language HTML,0.0,0.9,0.27,onet,0,193
13-1161.01,Communication,0.43247,0.9842,0.69945,postings,83,193
13-1161.01,Python,0.01673,0.9139,0.2887,both,3,193
13-1161.01,Microsoft Dynamics,0.00305,0.7146,0.21646,both,1,193
13-1161.01,Google Tag Manager,0.04786,0.9362,0.32342,both,9,193
13-1161.01,Pinterest,0.01201,0.7418,0.23099,both,3,193
13-1161.01,Optimization,0.46295,0.9889,0.73137,postings,90,193
13-1161.01,SEO,0.63601,0.9998,0.90372,both,122,193
13-1161.01,SQL Server,0.0,0.9,0.27,onet,0,193
13-1161.01,Microsoft ASP.NET,0.0,0.9,0.27,onet,0,193
13-1161.01,Tableau,0.04258,0.933,0.31761,both,8,193
13-1161.01,WordPress,0.10953,0.9632,0.38914,both,20,193
13-1161.01,Project Management,0.2216,0.8775,0.44792,postings,42,193
13-1161.01,Zoom,0.07368,0.478,0.17683,postings,13,193
13-1161.01,Ahrefs Site Explorer,0.0,0.9,0.27,onet,0,193
15-1211.00,Data Visualization,0.14219,0.5276,0.3134,postings,15,109
15-1211.00,Hibernate ORM,0.0,0.9,0.27,onet,0,109
15-1211.00,MEDITECH,0.0,0.9,0.27,onet,0,109
15-1211.00,Extensible markup language XML,0.0,0.9,0.27,onet,0,109
15-1211.00,Transact-SQL,0.0,0.9,0.27,onet,0,109
15-1211.00,Epic Systems,0.0,0.9,0.27,onet,0,109
15-1211.00,Leadership,0.1973,0.6501,0.46017,postings,21,109
15-1211.00,MySQL,0.01905,0.9095,0.30868,both,2,109
15-1211.00,SAS,0.00538,0.9049,0.28153,both,1,109
15-1211.00,Marketo Marketing Automation,0.0,0.9,0.27,onet,0,109
15-1211.00,JavaScript,0.02061,0.9095,0.31161,both,2,109
15-1211.00,Salesforce,0.06005,0.9259,0.39273,both,6,109
15-1211.00,Amazon Web Services AWS CloudFormation,0.0,0.9,0.27,onet,0,109
15-1211.00,CICS,0.01063,0.7146,0.23009,both,1,109
15-1211.00,Hadoop,0.0,0.9,0.27,onet,0,109
15-1211.00,SCADA,0.02092,0.7285,0.25008,both,2,109
15-1211.00,SSIS,0.02973,0.9139,0.33034,both,3,109
15-1211.00,Data Analysis,0.1918,0.6321,0.44029,postings,20,109
15-1211.00,ESRI ArcGIS,0.0,0.9,0.27,onet,0,109
15-1211.00,Node.js,0.0,0.9,0.27,onet,0,109
15-1211.00,Networking,0.07933,0.3297,0.15297,postings,8,109
15-1211.00,REST APIs,0.08149,0.3297,0.15445,postings,8,109
15-1211.00,Java,0.06064,0.9295,0.39538,both,7,109
15-1211.00,Cost estimating,0.01011,0.7146,0.22933,both,1,109
15-1211.00,Requirements management,0.00538,0.7146,0.22234,both,1,109
15-1211.00,Problem Solving,0.29243,0.7981,0.72193,postings,32,109
15-1211.00,Microsoft Outlook,0.0,0.9,0.27,onet,0,109
15-1211.00,JavaScript Object Notation JSON,0.0,0.9,0.27,onet,0,109
15-1211.00,MongoDB,0.0,0.9,0.27,onet,0,109
15-1211.00,Django,0.0,0.9,0.27,onet,0,109
15-1211.00,JUnit,0.0,0.9,0.27,onet,0,109
15-1211.00,Access management,0.02102,0.7285,0.25022,both,2,109
15-1211.00,Adobe Acrobat,0.0,0.9,0.27,onet,0,109
15-1211.00,Oracle Hyperion,0.00881,0.7146,0.2274,both,1,109
15-1211.00,Eclipse IDE,0.0,0.9,0.27,onet,0,109
15-1211.00,Microsoft Teams,0.00976,0.9049,0.28973,both,1,109
15-1211.00,Tableau,0.04047,0.9221,0.35379,both,5,109
15-1211.00,Apache Maven,0.0,0.9,0.27,onet,0,109
15-1211.00,SSRS,0.02583,0.9139,0.32299,both,3,109
15-1211.00,VBA,0.01895,0.9095,0.30849,both,2,109
15-1211.00,Power BI,0.03315,0.9181,0.33835,both,4,109
15-1211.00,GitHub,0.0,0.9,0.27,onet,0,109
15-1211.00,ASP,0.0,0.9,0.27,onet,0,109
15-1211.00,MATLAB,0.0,0.9,0.27,onet,0,109
15-1211.00,Apache Hive,0.0,0.9,0.27,onet,0,109
15-1211.00,Microsoft Project,0.00546,0.9049,0.28167,both,1,109
15-1211.00,Regression testing,0.03137,0.7418,0.27064,both,3,109
15-1211.00,Fund accounting,0.01019,0.7146,0.22944,both,1,109
15-1211.00,Flow chart,0.00643,0.7146,0.22389,both,1,109
15-1211.00,Azure,0.0851,0.9362,0.44558,both,9,109
15-1211.00,Selenium,0.0211,0.9095,0.31253,both,2,109
15-1211.00,Apple macOS,0.0,0.9,0.27,onet,0,109
15-1211.00,Kafka,0.0,0.9,0.27,onet,0,109
15-1211.00,Chef,0.0,0.9,0.27,onet,0,109
15-1211.00,PostgreSQL,0.0,0.9,0.27,onet,0,109
15-1211.00,Spring Boot,0.0,0.9,0.27,onet,0,109
15-1211.00,SAP ERP,0.0,0.9,0.27,onet,0,109
15-1211.00,React,0.02028,0.9095,0.31098,both,2,109
15-1211.00,Ansible,0.0,0.9,0.27,onet,0,109
15-1211.00,Scala,0.0,0.9,0.27,onet,0,109
15-1211.00,Amazon DynamoDB,0.0,0.9,0.27,onet,0,109
15-1211.00,PowerPoint,0.096,0.9393,0.46823,both,10,109
15-1211.00,Swift,0.0,0.9,0.27,onet,0,109
15-1211.00,UNIX Shell,0.0,0.9,0.27,onet,0,109
15-1211.00,Apache Cassandra,0.0,0.9,0.27,onet,0,109
15-1211.00,AJAX,0.0,0.9,0.27,onet,0,109
15-1211.00,Git,0.02021,0.9095,0.31086,both,2,109
15-1211.00,Communication,0.3386,0.8504,0.85043,postings,38,109
15-1211.00,Python,0.09033,0.9393,0.45722,both,10,109
15-1211.00,Ada,0.01029,0.7146,0.2296,both,1,109
15-1211.00,Data Modeling,0.11423,0.4512,0.2419,postings,12,109
15-1211.00,C++,0.00879,0.9049,0.28791,both,1,109
15-1211.00,GIS,0.07932,0.7989,0.37067,both,8,109
15-1211.00,Microsoft ASP.NET,0.0,0.9,0.27,onet,0,109
15-1211.00,Red Hat OpenShift,0.0,0.9,0.27,onet,0,109
15-1211.00,Amazon Elastic Compute Cloud EC2,0.0,0.9,0.27,onet,0,109
15-1211.00,Help desk,0.01638,0.7418,0.24766,both,3,109
15-1211.00,Workflow,0.10566,0.5034,0.26099,postings,14,109
15-1211.00,C,0.0,0.9,0.27,onet,0,109
15-1211.00,Shell script,0.0,0.9,0.27,onet,0,109
15-1211.00,AWS,0.05058,0.9221,0.37305,both,5,109
15-1211.00,CSS,0.0101,0.9049,0.29036,both,1,109
15-1211.00,Microsoft Word,0.00976,0.9049,0.28973,both,1,109
15-1211.00,Apache Subversion SVN,0.0,0.9,0.27,onet,0,109
15-1211.00,Spark,0.0,0.9,0.27,onet,0,109
15-1211.00,Oracle Cloud,0.01762,0.9095,0.30599,both,2,109
15-1211.00,Oracle PeopleSoft,0.0,0.9,0.27,onet,0,109
15-1211.00,Integration testing,0.02726,0.7418,0.26433,both,3,109
15-1211.00,jQuery,0.0,0.9,0.27,onet,0,109
15-1211.00,PHP,0.0,0.9,0.27,onet,0,109
15-1211.00,Microsoft Access,0.0,0.9,0.27,onet,0,109
15-1211.00,Ubuntu,0.00879,0.7146,0.22738,both,1,109
15-1211.00,Agile,0.22831,0.6988,0.53948,postings,24,109
15-1211.00,MDM,0.00976,0.7146,0.22881,both,1,109
15-1211.00,SPSS,0.0,0.9,0.27,onet,0,109
15-1211.00,Oracle DB,0.0,0.9,0.27,onet,0,109
15-1211.00,Workday,0.0695,0.2953,0.13102,postings,7,109
15-1211.00,Cisco Webex,0.0,0.9,0.27,onet,0,109
15-1211.00,JCL,0.01063,0.7146,0.23009,both,1,109
15-1211.00,SQL,0.32599,0.9817,0.95614,both,34,109
15-1211.00,SAN,0.06824,0.3297,0.14542,postings,8,109
15-1211.00,SAM,0.00546,0.7146,0.22245,both,1,109
15-1211.00,Oracle Primavera Enterprise Project Portfolio Management,0.0,0.9,0.27,onet,0,109
15-1211.00,Confluence,0.08516,0.9362,0.4457,both,9,109
15-1211.00,C#,0.02966,0.9139,0.33022,both,3,109
15-1211.00,Teradata Database,0.0,0.9,0.27,onet,0,109
15-1211.00,Jira,0.11488,0.9451,0.50799,both,12,109
15-1211.00,Google Docs,0.0,0.9,0.27,onet,0,109
15-1211.00,Hypertext markup language HTML,0.0,0.9,0.27,onet,0,109
15-1211.00,Go,0.0,0.9,0.27,onet,0,109
15-1211.00,ServiceNow,0.03427,0.9181,0.34048,both,4,109
15-1211.00,Requirements Analysis,0.08806,0.3935,0.18968,postings,10,109
15-1211.00,Splunk,0.0,0.9,0.27,onet,0,109
15-1211.00,IBM DB2,0.0,0.9,0.27,onet,0,109
15-1211.00,Spring Framework,0.0,0.9,0.27,onet,0,109
15-1211.00,ETL,0.06968,0.2953,0.13113,postings,7,109
15-1211.00,System testing,0.01943,0.7285,0.24782,both,2,109
15-1211.00,Redshift,0.0,0.9,0.27,onet,0,109
15-1211.00,Linux,0.04021,0.9181,0.35175,both,4,109
15-1211.00,Microsoft Visual Basic,0.0,0.9,0.27,onet,0,109
15-1211.00,Oracle SQL Developer,0.0,0.9,0.27,onet,0,109
15-1211.00,SharePoint,0.04071,0.9181,0.35272,both,4,109
15-1211.00,R,0.01758,0.9095,0.30591,both,2,109
15-1211.00,Project Management,0.16108,0.6321,0.40014,postings,20,109
15-1211.00,Microsoft Windows Server,0.0,0.9,0.27,onet,0,109
15-1211.00,Illustrator,0.0,0.9,0.27,onet,0,109
15-1211.00,Version Control,0.02021,0.7285,0.24901,both,2,109
15-1211.00,Microsoft Windows,0.01858,0.9095,0.30779,both,2,109
15-1211.00,Elasticsearch,0.0,0.9,0.27,onet,0,109
15-1211.00,Google Analytics,0.0,0.9,0.27,onet,0,109
15-1211.00,Microsoft Visio,0.0,0.9,0.27,onet,0,109
15-1211.00,Diagramming,0.00986,0.7146,0.22896,both,1,109
15-1211.00,Oracle PL/SQL,0.0,0.9,0.27,onet,0,109
15-1211.00,.NET,0.01522,0.9095,0.30148,both,2,109
15-1211.00,SAP,0.05481,0.9259,0.38269,both,6,109
15-1211.00,Microsoft Visual Studio,0.0,0.9,0.27,onet,0,109
15-1211.00,Perl,0.01026,0.9049,0.29065,both,1,109
15-1211.00,Photoshop,0.0,0.9,0.27,onet,0,109
15-1211.00,Bash,0.0,0.9,0.27,onet,0,109
15-1211.00,Apache Tomcat,0.0,0.9,0.27,onet,0,109
15-1211.00,PowerShell,0.01026,0.9049,0.29065,both,1,109
15-1211.00,Excel,0.18644,0.965,0.66146,both,21,109
15-1211.00,Puppet,0.0,0.9,0.27,onet,0,109
15-1211.00,Slack,0.01014,0.9049,0.29043,both,1,109
15-1211.00,Angular,0.0,0.9,0.27,onet,0,109
15-1211.00,Oracle Java 2 Platform Enterprise Edition J2EE,0.0,0.9,0.27,onet,0,109
15-1211.00,Ruby,0.0,0.9,0.27,onet,0,109
15-1211.00,Optimization,0.08543,0.3624,0.17271,postings,9,109
15-1211.00,NoSQL,0.0,0.9,0.27,onet,0,109
15-1211.00,UNIX,0.05225,0.9221,0.37624,both,5,109
15-1211.00,Microsoft Team Foundation Server,0.0,0.9,0.27,onet,0,109
15-1211.00,Docker,0.0,0.9,0.27,onet,0,109
15-1211.00,Unit testing,0.02874,0.7418,0.26661,both,3,109
15-1211.00,SQL Server,0.05375,0.9259,0.38067,both,6,109
15-1212.00,Shell script,0.00459,0.9049,0.27726,both,1,255
15-1212.00,Computer forensic,0.02323,0.7664,0.25474,both,5,255
15-1212.00,VPN,0.01582,0.7544,0.24297,both,4,255
15-1212.00,Tableau,0.00887,0.9095,0.28412,both,2,255
15-1212.00,AWS,0.15515,0.9871,0.50983,both,41,255
15-1212.00,Microsoft Word,0.0,0.9,0.27,onet,0,255
15-1212.00,Apache Subversion SVN,0.0,0.9,0.27,onet,0,255
15-1212.00,Spark,0.0,0.9,0.27,onet,0,255
15-1212.00,Extensible markup language XML,0.0,0.9,0.27,onet,0,255
15-1212.00,Leadership,0.30327,0.9798,0.7085,postings,78,255
15-1212.00,Epic Systems,0.0,0.9,0.27,onet,0,255
15-1212.00,Oracle PeopleSoft,0.0,0.9,0.27,onet,0,255
15-1212.00,MySQL,0.0,0.9,0.27,onet,0,255
15-1212.00,SAS,0.0,0.9,0.27,onet,0,255
15-1212.00,PHP,0.00459,0.9049,0.27726,both,1,255
15-1212.00,Microsoft Access,0.0,0.9,0.27,onet,0,255
15-1212.00,JavaScript,0.03642,0.933,0.32729,both,8,255
15-1212.00,Salesforce,0.0,0.9,0.27,onet,0,255
15-1212.00,Amazon Web Services AWS CloudFormation,0.0,0.9,0.27,onet,0,255
15-1212.00,Hadoop,0.00439,0.9049,0.27701,both,1,255
15-1212.00,Network security auditing,0.00438,0.7146,0.21876,both,1,255
15-1212.00,Agile,0.1029,0.7534,0.33419,postings,28,255
15-1212.00,Anti-phishing,0.00441,0.7146,0.21878,both,1,255
15-1212.00,SCADA,0.00769,0.7285,0.22638,both,2,255
15-1212.00,Microsoft Active Directory,0.00754,0.9095,0.28242,both,2,255
15-1212.00,SSIS,0.0,0.9,0.27,onet,0,255
15-1212.00,ESRI ArcGIS,0.0,0.9,0.27,onet,0,255
15-1212.00,Data Analysis,0.06598,0.5934,0.23266,postings,18,255
15-1212.00,Node.js,0.00441,0.9049,0.27703,both,1,255
15-1212.00,Oracle DB,0.0,0.9,0.27,onet,0,255
15-1212.00,Networking,0.18775,0.9093,0.51097,postings,48,255
15-1212.00,SQL,0.02321,0.9295,0.30896,both,7,255
15-1212.00,REST APIs,0.08825,0.6671,0.28228,postings,22,255
15-1212.00,Java,0.06377,0.9528,0.37061,both,15,255
15-1212.00,SAN,0.08865,0.7135,0.3023,postings,25,255
15-1212.00,IDS,0.03967,0.8269,0.29385,both,11,255
15-1212.00,Risk Assessment,0.40175,0.9942,0.85555,postings,103,255
15-1212.00,Cryptography,0.10345,0.7275,0.32324,postings,26,255
15-1212.00,Web Development,0.07691,0.6133,0.24979,postings,19,255
15-1212.00,Problem Solving,0.28067,0.9727,0.67271,postings,72,255
15-1212.00,Confluence,0.01451,0.9181,0.29402,both,4,255
15-1212.00,C#,0.00441,0.9049,0.27703,both,1,255
15-1212.00,Teradata Database,0.0,0.9,0.27,onet,0,255
15-1212.00,Jira,0.01907,0.9221,0.30117,both,5,255
15-1212.00,Hypertext markup language HTML,0.0,0.9,0.27,onet,0,255
15-1212.00,Go,0.0069,0.9095,0.28161,both,2,255
15-1212.00,IPS,0.04535,0.8354,0.30347,both,12,255
15-1212.00,JavaScript Object Notation JSON,0.0,0.9,0.27,onet,0,255
15-1212.00,MongoDB,0.0,0.9,0.27,onet,0,255
15-1212.00,Django,0.0,0.9,0.27,onet,0,255
15-1212.00,Splunk,0.07103,0.9613,0.38366,both,19,255
15-1212.00,Spring Framework,0.0,0.9,0.27,onet,0,255
15-1212.00,Access management,0.15333,0.9594,0.49307,both,40,255
15-1212.00,Redshift,0.00883,0.9095,0.28406,both,2,255
15-1212.00,System testing,0.00382,0.7146,0.2182,both,1,255
15-1212.00,Linux,0.10385,0.9741,0.43336,both,27,255
15-1212.00,Firewall,0.06999,0.9573,0.38065,both,17,255
15-1212.00,Microsoft Visual Basic,0.0,0.9,0.27,onet,0,255
15-1212.00,Eclipse IDE,0.0,0.9,0.27,onet,0,255
15-1212.00,Microsoft Exchange,0.00953,0.7418,0.2324,both,3,255
15-1212.00,SharePoint,0.02935,0.933,0.3181,both,8,255
15-1212.00,Microsoft Teams,0.0,0.9,0.27,onet,0,255
15-1212.00,Apache Maven,0.0,0.9,0.27,onet,0,255
15-1212.00,Project Management,0.09096,0.6834,0.29174,postings,23,255
15-1212.00,Microsoft Windows Server,0.00381,0.9049,0.27627,both,1,255
15-1212.00,SSRS,0.0,0.9,0.27,onet,0,255
15-1212.00,VBA,0.0,0.9,0.27,onet,0,255
15-1212.00,Microsoft Windows,0.01306,0.9139,0.29084,both,3,255
15-1212.00,Incident Response,0.25343,0.9612,0.62825,postings,65,255
15-1212.00,Metasploit,0.00233,0.7146,0.21671,both,1,255
15-1212.00,Tcpdump,0.00312,0.7146,0.2175,both,1,255
15-1212.00,GitHub,0.00907,0.9095,0.28436,both,2,255
15-1212.00,ASP,0.0,0.9,0.27,onet,0,255
15-1212.00,MATLAB,0.0,0.9,0.27,onet,0,255
15-1212.00,Vulnerability Management,0.50171,0.998,0.99797,postings,124,255
15-1212.00,Elasticsearch,0.0,0.9,0.27,onet,0,255
15-1212.00,Apache Hive,0.0,0.9,0.27,onet,0,255
15-1212.00,VMware,0.02675,0.7886,0.26601,both,7,255
15-1212.00,Kali Linux,0.00424,0.7146,0.21861,both,1,255
15-1212.00,Microsoft Project,0.0,0.9,0.27,onet,0,255
15-1212.00,Microsoft Visio,0.0,0.9,0.27,onet,0,255
15-1212.00,SSP,0.00899,0.7285,0.22771,both,2,255
15-1212.00,Azure,0.1442,0.9835,0.49291,both,36,255
15-1212.00,Selenium,0.0,0.9,0.27,onet,0,255
15-1212.00,Apple macOS,0.0,0.9,0.27,onet,0,255
15-1212.00,Kafka,0.0,0.9,0.27,onet,0,255
15-1212.00,Oracle PL/SQL,0.0,0.9,0.27,onet,0,255
15-1212.00,Chef,0.00279,0.9049,0.27499,both,1,255
15-1212.00,PostgreSQL,0.0,0.9,0.27,onet,0,255
15-1212.00,.NET,0.00746,0.9095,0.28232,both,2,255
15-1212.00,Microsoft Visual Studio,0.0,0.9,0.27,onet,0,255
15-1212.00,SAP,0.0089,0.9095,0.28414,both,2,255
15-1212.00,NIPS,0.00279,0.7146,0.21717,both,1,255
15-1212.00,Perl,0.00279,0.9049,0.27499,both,1,255
15-1212.00,Ansible,0.00442,0.9049,0.27705,both,1,255
15-1212.00,Amazon DynamoDB,0.0,0.9,0.27,onet,0,255
15-1212.00,Penetration Testing,0.0977,0.914,0.39881,both,25,255
15-1212.00,Bash,0.03659,0.9362,0.32867,both,9,255
15-1212.00,Apache Tomcat,0.0,0.9,0.27,onet,0,255
15-1212.00,DNS,0.05344,0.851,0.31876,both,14,255
15-1212.00,Scala,0.0,0.9,0.27,onet,0,255
15-1212.00,Security incident management,0.02039,0.7664,0.25171,both,5,255
15-1212.00,PowerShell,0.03925,0.9393,0.33324,both,10,255
15-1212.00,Excel,0.05904,0.9528,0.36431,both,15,255
15-1212.00,Puppet,0.00279,0.9049,0.27499,both,1,255
15-1212.00,Wireshark,0.02526,0.7778,0.26074,both,6,255
15-1212.00,Tenable Nessus,0.00846,0.9095,0.2836,both,2,255
15-1212.00,PowerPoint,0.03171,0.933,0.32116,both,8,255
15-1212.00,eMASS,0.02977,0.9295,0.31747,both,7,255
15-1212.00,Swift,0.0,0.9,0.27,onet,0,255
15-1212.00,UNIX Shell,0.0,0.9,0.27,onet,0,255
15-1212.00,Apache Cassandra,0.0,0.9,0.27,onet,0,255
15-1212.00,BGP,0.0,0.9,0.27,onet,0,255
15-1212.00,Active directory,0.0594,0.8652,0.33127,both,16,255
15-1212.00,Angular,0.00441,0.9049,0.27703,both,1,255
15-1212.00,Web application,0.0501,0.478,0.1768,postings,13,255
15-1212.00,Network Security,0.27786,0.974,0.66981,postings,73,255
15-1212.00,AJAX,0.0,0.9,0.27,onet,0,255
15-1212.00,Git,0.00512,0.9095,0.27935,both,2,255
15-1212.00,Rapid7 Nexpose,0.00906,0.7285,0.22778,both,2,255
15-1212.00,Cloud Computing,0.15432,0.8577,0.442,postings,39,255
15-1212.00,Security risk assessment,0.02323,0.7886,0.26214,both,7,255
15-1212.00,McAfee,0.01635,0.7544,0.24352,both,4,255
15-1212.00,Ruby,0.01441,0.9181,0.29389,both,4,255
15-1212.00,Communication,0.36009,0.9904,0.79474,postings,93,255
15-1212.00,Python,0.11531,0.9753,0.44951,both,28,255
15-1212.00,Encryption,0.05532,0.5276,0.19902,postings,15,255
15-1212.00,NoSQL,0.00457,0.9049,0.27724,both,1,255
15-1212.00,Imperva SecureSphere,0.00463,0.7146,0.21901,both,1,255
15-1212.00,UNIX,0.02381,0.9259,0.30853,both,6,255
15-1212.00,C++,0.01842,0.9221,0.30033,both,5,255
15-1212.00,Docker,0.02024,0.9221,0.30268,both,5,255
15-1212.00,GIS,0.00439,0.7146,0.21877,both,1,255
15-1212.00,SQL Server,0.0,0.9,0.27,onet,0,255
15-1212.00,Microsoft ASP.NET,0.0,0.9,0.27,onet,0,255
15-1212.00,MITRE ATT&CK,0.03485,0.933,0.32525,both,8,255
15-1212.00,Snort,0.00677,0.7285,0.22545,both,2,255
15-1212.00,Red Hat OpenShift,0.0,0.9,0.27,onet,0,255
15-1212.00,Amazon Elastic Compute Cloud EC2,0.0,0.9,0.27,onet,0,255
15-1212.00,C,0.01545,0.9181,0.29523,both,4,255
15-1221.00,Data Visualization,0.05567,0.7544,0.2926,both,4,79
15-1221.00,Shell script,0.0,0.9,0.27,onet,0,79
15-1221.00,AWS,0.02793,0.9095,0.31295,both,2,79
15-1221.00,Statistics,0.35045,0.7135,0.60867,postings,25,79
15-1221.00,Apache Subversion SVN,0.0,0.9,0.27,onet,0,79
15-1221.00,Spark,0.02761,0.9095,0.31249,both,2,79
15-1221.00,Extensible markup language XML,0.0,0.9,0.27,onet,0,79
15-1221.00,Transact-SQL,0.0,0.9,0.27,onet,0,79
15-1221.00,Prototyping,0.08994,0.3297,0.1457,postings,8,79
15-1221.00,Leadership,0.24185,0.6133,0.41805,postings,19,79
15-1221.00,MySQL,0.01327,0.9049,0.29042,both,1,79
15-1221.00,SAS,0.05696,0.9181,0.35797,both,4,79
15-1221.00,Scikit-learn,0.01434,0.9049,0.29195,both,1,79
15-1221.00,PHP,0.0,0.9,0.27,onet,0,79
15-1221.00,Algorithms,0.3145,0.6988,0.55649,postings,24,79
15-1221.00,JavaScript,0.01466,0.9049,0.2924,both,1,79
15-1221.00,Snowflake,0.0,0.9,0.27,onet,0,79
15-1221.00,Amazon Web Services AWS CloudFormation,0.0,0.9,0.27,onet,0,79
15-1221.00,Hadoop,0.04152,0.9139,0.33407,both,3,79
15-1221.00,Algorithmic,0.02787,0.7285,0.25061,both,2,79
15-1221.00,National Instruments LabVIEW,0.01463,0.7146,0.23089,both,1,79
15-1221.00,Data Analysis,0.15344,0.4231,0.22936,postings,11,79
15-1221.00,ESRI ArcGIS,0.0,0.9,0.27,onet,0,79
15-1221.00,Node.js,0.0,0.9,0.27,onet,0,79
15-1221.00,SPSS,0.02892,0.9095,0.31437,both,2,79
15-1221.00,Oracle DB,0.0,0.9,0.27,onet,0,79
15-1221.00,Computer Vision,0.18549,0.5276,0.31275,postings,15,79
15-1221.00,SQL,0.04127,0.9139,0.33371,both,3,79
15-1221.00,Java,0.21527,0.9551,0.611,both,16,79
15-1221.00,Problem Solving,0.23111,0.6133,0.40766,postings,19,79
15-1221.00,LangChain,0.0,0.9,0.27,onet,0,79
15-1221.00,TensorFlow,0.12075,0.9362,0.45929,both,9,79
15-1221.00,IDE,0.01388,0.7146,0.23004,both,1,79
15-1221.00,C#,0.05671,0.9181,0.35761,both,4,79
15-1221.00,Teradata Database,0.0,0.9,0.27,onet,0,79
15-1221.00,Redis,0.0,0.9,0.27,onet,0,79
15-1221.00,Go,0.01391,0.9049,0.29133,both,1,79
15-1221.00,MongoDB,0.01327,0.9049,0.29042,both,1,79
15-1221.00,Django,0.0,0.9,0.27,onet,0,79
15-1221.00,Splunk,0.0,0.9,0.27,onet,0,79
15-1221.00,Hugging Face,0.0,0.9,0.27,onet,0,79
15-1221.00,Redshift,0.01327,0.9049,0.29042,both,1,79
15-1221.00,Airflow,0.0,0.9,0.27,onet,0,79
15-1221.00,Linux,0.01327,0.9049,0.29042,both,1,79
15-1221.00,Microsoft Visual Basic,0.0,0.9,0.27,onet,0,79
15-1221.00,Eclipse IDE,0.0,0.9,0.27,onet,0,79
15-1221.00,Tableau,0.0,0.9,0.27,onet,0,79
15-1221.00,R,0.0933,0.9295,0.41573,both,7,79
15-1221.00,Project Management,0.10648,0.3297,0.1543,postings,8,79
15-1221.00,VBA,0.0,0.9,0.27,onet,0,79
15-1221.00,Machine Learning,0.44354,0.8173,0.81732,postings,34,79
15-1221.00,Power BI,0.0,0.9,0.27,onet,0,79
15-1221.00,GitHub,0.01429,0.9049,0.29187,both,1,79
15-1221.00,MATLAB,0.05677,0.9221,0.35925,both,5,79
15-1221.00,Kubernetes,0.0,0.9,0.27,onet,0,79
15-1221.00,Amazon Web Services AWS SageMaker,0.0,0.9,0.27,onet,0,79
15-1221.00,Elasticsearch,0.0,0.9,0.27,onet,0,79
15-1221.00,Apache Hive,0.0,0.9,0.27,onet,0,79
15-1221.00,Google Analytics,0.0,0.9,0.27,onet,0,79
15-1221.00,Video editing,0.01463,0.7146,0.23089,both,1,79
15-1221.00,Microsoft Project,0.0,0.9,0.27,onet,0,79
15-1221.00,IBM Terraform,0.0,0.9,0.27,onet,0,79
15-1221.00,Azure,0.02878,0.9095,0.31416,both,2,79
15-1221.00,Grafana Labs Grafana Cloud,0.0,0.9,0.27,onet,0,79
15-1221.00,Kafka,0.0,0.9,0.27,onet,0,79
15-1221.00,Vector database,0.0,0.9,0.27,onet,0,79
15-1221.00,Chef,0.0,0.9,0.27,onet,0,79
15-1221.00,PostgreSQL,0.0,0.9,0.27,onet,0,79
15-1221.00,PyTorch,0.15691,0.9451,0.51758,both,12,79
15-1221.00,Microsoft Visual Studio,0.0,0.9,0.27,onet,0,79
15-1221.00,Computational statistics,0.01429,0.7146,0.23051,both,1,79
15-1221.00,NLP,0.16788,0.478,0.27002,postings,13,79
15-1221.00,Perl,0.04357,0.9139,0.33702,both,3,79
15-1221.00,Ansible,0.0,0.9,0.27,onet,0,79
15-1221.00,Scala,0.02718,0.9095,0.31187,both,2,79
15-1221.00,Amazon DynamoDB,0.0,0.9,0.27,onet,0,79
15-1221.00,Bash,0.01327,0.9049,0.29042,both,1,79
15-1221.00,Excel,0.09763,0.9295,0.42209,both,7,79
15-1221.00,Puppet,0.0,0.9,0.27,onet,0,79
15-1221.00,Generative AI,0.18675,0.5276,0.3138,postings,15,79
15-1221.00,PowerPoint,0.04216,0.9139,0.33499,both,3,79
15-1221.00,UNIX Shell,0.0,0.9,0.27,onet,0,79
15-1221.00,Apache Cassandra,0.0,0.9,0.27,onet,0,79
15-1221.00,Oracle Java 2 Platform Enterprise Edition J2EE,0.0,0.9,0.27,onet,0,79
15-1221.00,Git,0.0,0.9,0.27,onet,0,79
15-1221.00,pandas,0.01466,0.9049,0.2924,both,1,79
15-1221.00,Ruby,0.0,0.9,0.27,onet,0,79
15-1221.00,Communication,0.27453,0.6671,0.48918,postings,22,79
15-1221.00,Python,0.38751,0.9765,0.89019,both,29,79
15-1221.00,Jenkins CI,0.0,0.9,0.27,onet,0,79
15-1221.00,Ada,0.04126,0.7418,0.27084,both,3,79
15-1221.00,Optimization,0.29688,0.6834,0.52519,postings,23,79
15-1221.00,NoSQL,0.01327,0.9049,0.29042,both,1,79
15-1221.00,Prometheus,0.0,0.9,0.27,onet,0,79
15-1221.00,UNIX,0.0,0.9,0.27,onet,0,79
15-1221.00,C++,0.17364,0.9478,0.54408,both,13,79
15-1221.00,Docker,0.0,0.9,0.27,onet,0,79
15-1221.00,SQL Server,0.01388,0.9049,0.29128,both,1,79
15-1221.00,Deep Learning,0.20891,0.5507,0.34676,postings,16,79
15-1221.00,Amazon Elastic Compute Cloud EC2,0.0,0.9,0.27,onet,0,79
15-1221.00,C,0.09554,0.9295,0.41901,both,7,79
15-1221.00,GitLab,0.0,0.9,0.27,onet,0,79
15-1241.00,IBM WebSphere MQ,0.0,0.9,0.27,onet,0,460
15-1241.00,Hibernate ORM,0.0,0.9,0.27,onet,0,460
15-1241.00,Extensible markup language XML,0.0,0.9,0.27,onet,0,460
15-1241.00,Leadership,0.28093,0.9984,0.68561,postings,129,460
15-1241.00,Transact-SQL,0.0,0.9,0.27,onet,0,460
15-1241.00,MySQL,0.00478,0.9095,0.27884,both,2,460
15-1241.00,Oracle Fusion Middleware,0.00243,0.7146,0.21678,both,1,460
15-1241.00,Network storage,0.00477,0.7285,0.22335,both,2,460
15-1241.00,JavaScript,0.02436,0.9423,0.31429,both,11,460
15-1241.00,Amazon Web Services AWS CloudFormation,0.0,0.9,0.27,onet,0,460
15-1241.00,Hadoop,0.00982,0.9181,0.28785,both,4,460
15-1241.00,Dynatrace,0.00455,0.7285,0.22312,both,2,460
15-1241.00,SCADA,0.00244,0.7146,0.21679,both,1,460
15-1241.00,Microsoft Active Directory,0.01004,0.9181,0.28813,both,4,460
15-1241.00,Microservices,0.06913,0.7769,0.30698,postings,30,460
15-1241.00,ESRI ArcGIS,0.0,0.9,0.27,onet,0,460
15-1241.00,Data Analysis,0.05248,0.7275,0.27079,postings,26,460
15-1241.00,LAN,0.10377,0.9741,0.43138,both,49,460
15-1241.00,Node.js,0.00965,0.9181,0.28764,both,4,460
15-1241.00,Networking,0.50854,1.0,0.99999,postings,233,460
15-1241.00,REST APIs,0.10202,0.9093,0.40048,postings,48,460
15-1241.00,Java,0.07285,0.9798,0.3922,both,32,460
15-1241.00,Risk Assessment,0.02413,0.8354,0.27835,both,12,460
15-1241.00,UML,0.00408,0.7285,0.22265,both,2,460
15-1241.00,Network architecture design,0.00943,0.7664,0.23985,both,5,460
15-1241.00,Requirements management,0.00486,0.7285,0.22343,both,2,460
15-1241.00,SolarWinds,0.03462,0.8652,0.30079,both,16,460
15-1241.00,Problem Solving,0.21992,0.9942,0.59923,postings,103,460
15-1241.00,IPS,0.00798,0.7544,0.2346,both,4,460
15-1241.00,JavaScript Object Notation JSON,0.0,0.9,0.27,onet,0,460
15-1241.00,CI/CD,0.13384,0.945,0.45759,postings,58,460
15-1241.00,MongoDB,0.01457,0.9259,0.29634,both,6,460
15-1241.00,Django,0.0,0.9,0.27,onet,0,460
15-1241.00,JUnit,0.00413,0.9095,0.27802,both,2,460
15-1241.00,OSPF,0.11002,0.9766,0.44087,both,51,460
15-1241.00,Access management,0.05413,0.9096,0.34067,both,24,460
15-1241.00,GLBP,0.00233,0.7146,0.21668,both,1,460
15-1241.00,Silver Peak,0.00247,0.7146,0.21682,both,1,460
15-1241.00,Eclipse IDE,0.0,0.9,0.27,onet,0,460
15-1241.00,Tableau,0.00837,0.9181,0.28601,both,4,460
15-1241.00,Apache Maven,0.0,0.9,0.27,onet,0,460
15-1241.00,SSRS,0.00453,0.9095,0.27853,both,2,460
15-1241.00,Machine Learning,0.05035,0.6988,0.25807,postings,24,460
15-1241.00,SMTP,0.0021,0.7146,0.21645,both,1,460
15-1241.00,WAN,0.13449,0.9871,0.47889,both,63,460
15-1241.00,GitHub,0.03816,0.9551,0.33669,both,16,460
15-1241.00,ASP,0.0,0.9,0.27,onet,0,460
15-1241.00,MATLAB,0.00504,0.9095,0.27916,both,2,460
15-1241.00,Vulnerability Management,0.06356,0.7654,0.29659,postings,29,460
15-1241.00,Kubernetes,0.08931,0.8504,0.35968,postings,38,460
15-1241.00,Apache Hive,0.0,0.9,0.27,onet,0,460
15-1241.00,Microsoft Project,0.00636,0.9139,0.28218,both,3,460
15-1241.00,DevOps,0.17794,0.9798,0.5339,postings,78,460
15-1241.00,IBM Terraform,0.0,0.9,0.27,onet,0,460
15-1241.00,Azure,0.30861,0.9999,0.72473,both,139,460
15-1241.00,Selenium,0.0,0.9,0.27,onet,0,460
15-1241.00,Apple macOS,0.0,0.9,0.27,onet,0,460
15-1241.00,Kafka,0.03534,0.9528,0.33217,both,15,460
15-1241.00,Chef,0.01151,0.9221,0.29124,both,5,460
15-1241.00,PostgreSQL,0.00828,0.9181,0.2859,both,4,460
15-1241.00,EE,0.00248,0.7146,0.21682,both,1,460
15-1241.00,Spring Boot,0.00591,0.9139,0.28161,both,3,460
15-1241.00,HSRP,0.03355,0.8583,0.29713,both,15,460
15-1241.00,Ansible,0.06984,0.9798,0.38814,both,32,460
15-1241.00,Penetration Testing,0.00428,0.7418,0.22691,both,3,460
15-1241.00,Amazon DynamoDB,0.0,0.9,0.27,onet,0,460
15-1241.00,Scala,0.01434,0.9259,0.29605,both,6,460
15-1241.00,DNS,0.10766,0.9728,0.436,both,48,460
15-1241.00,After Effects,0.0,0.9,0.27,onet,0,460
15-1241.00,PowerPoint,0.02451,0.9451,0.31542,both,12,460
15-1241.00,Swift,0.0,0.9,0.27,onet,0,460
15-1241.00,UNIX Shell,0.0024,0.9049,0.27446,both,1,460
15-1241.00,Apache Cassandra,0.0,0.9,0.27,onet,0,460
15-1241.00,BGP,0.12288,0.9942,0.46644,both,57,460
15-1241.00,EIGRP,0.05905,0.9222,0.35163,both,27,460
15-1241.00,Network Security,0.34781,0.9996,0.77849,postings,159,460
15-1241.00,Android SDK,0.0,0.9,0.27,onet,0,460
15-1241.00,AJAX,0.0,0.9,0.27,onet,0,460
15-1241.00,Git,0.03138,0.9478,0.32527,both,13,460
15-1241.00,Cloud Computing,0.26401,0.9979,0.662,postings,123,460
15-1241.00,Communication,0.26249,0.9979,0.6599,postings,123,460
15-1241.00,Python,0.21459,0.9991,0.59487,both,95,460
15-1241.00,Microsoft Dynamics,0.00742,0.7544,0.23402,both,4,460
15-1241.00,Autodesk AutoCAD,0.0,0.9,0.27,onet,0,460
15-1241.00,C++,0.01496,0.9259,0.29684,both,6,460
15-1241.00,Microsoft ASP.NET,0.0,0.9,0.27,onet,0,460
15-1241.00,Red Hat OpenShift,0.0,0.9,0.27,onet,0,460
15-1241.00,Amazon Elastic Compute Cloud EC2,0.0,0.9,0.27,onet,0,460
15-1241.00,Help desk,0.00496,0.7285,0.22354,both,2,460
15-1241.00,C,0.02584,0.9423,0.31621,both,11,460
15-1241.00,Shell script,0.00243,0.9049,0.27449,both,1,460
15-1241.00,VPN,0.11745,0.9798,0.45236,both,54,460
15-1241.00,VRRP,0.00786,0.7544,0.23447,both,4,460
15-1241.00,AWS,0.27571,0.9998,0.6794,both,127,460
15-1241.00,CSS,0.0071,0.9139,0.28311,both,3,460
15-1241.00,Microsoft Word,0.00465,0.9095,0.27868,both,2,460
15-1241.00,Apache Subversion SVN,0.0,0.9,0.27,onet,0,460
15-1241.00,Spark,0.01701,0.9295,0.30062,both,7,460
15-1241.00,jQuery,0.0,0.9,0.27,onet,0,460
15-1241.00,Packet analysis,0.00752,0.7544,0.23412,both,4,460
15-1241.00,PHP,0.00869,0.9181,0.28642,both,4,460
15-1241.00,Microsoft Access,0.0,0.9,0.27,onet,0,460
15-1241.00,Ubuntu,0.00744,0.7418,0.23013,both,3,460
15-1241.00,Cisco IOS,0.01589,0.7886,0.25382,both,7,460
15-1241.00,Remote access,0.00927,0.7544,0.23594,both,4,460
15-1241.00,Agile,0.13094,0.9526,0.45749,postings,61,460
15-1241.00,Migration,0.10057,0.8946,0.39222,postings,45,460
15-1241.00,Oracle DB,0.0,0.9,0.27,onet,0,460
15-1241.00,Cisco Webex,0.0,0.9,0.27,onet,0,460
15-1241.00,JCL,0.00151,0.7146,0.21587,both,1,460
15-1241.00,SQL,0.10496,0.99,0.44002,both,46,460
15-1241.00,SAN,0.06336,0.9363,0.36256,both,31,460
15-1241.00,Trimble SketchUp Pro,0.0,0.9,0.27,onet,0,460
15-1241.00,Cryptography,0.06701,0.7769,0.30472,postings,30,460
15-1241.00,Autodesk Revit,0.0,0.9,0.27,onet,0,460
15-1241.00,Confluence,0.00384,0.9095,0.27766,both,2,460
15-1241.00,IDE,0.00172,0.7146,0.21608,both,1,460
15-1241.00,Infrastructure as Code,0.12321,0.9293,0.43642,postings,53,460
15-1241.00,C#,0.02003,0.9393,0.3077,both,10,460
15-1241.00,Teradata Database,0.0,0.9,0.27,onet,0,460
15-1241.00,Jira,0.025,0.9423,0.31511,both,11,460
15-1241.00,Hypertext markup language HTML,0.0,0.9,0.27,onet,0,460
15-1241.00,Go,0.02317,0.9451,0.31369,both,12,460
15-1241.00,Splunk,0.03292,0.9503,0.32816,both,14,460
15-1241.00,Spring Framework,0.0,0.9,0.27,onet,0,460
15-1241.00,SNMP,0.02024,0.8087,0.26514,both,9,460
15-1241.00,Redshift,0.00594,0.9139,0.28165,both,3,460
15-1241.00,SIP,0.02485,0.8269,0.27636,both,11,460
15-1241.00,Linux,0.11523,0.9926,0.45521,both,52,460
15-1241.00,Firewall,0.10281,0.9914,0.43771,both,49,460
15-1241.00,Microsoft Visual Basic,0.0,0.9,0.27,onet,0,460
15-1241.00,Microsoft Exchange,0.00384,0.7285,0.22242,both,2,460
15-1241.00,SharePoint,0.02016,0.9362,0.30685,both,9,460
15-1241.00,Project Management,0.09624,0.8892,0.38456,postings,44,460
15-1241.00,Nagios,0.00255,0.7146,0.2169,both,1,460
15-1241.00,Microsoft Windows Server,0.00496,0.9095,0.27907,both,2,460
15-1241.00,Microsoft Windows,0.01003,0.9181,0.28811,both,4,460
15-1241.00,Element management,0.00128,0.7146,0.21565,both,1,460
15-1241.00,Tcpdump,0.00896,0.7544,0.23562,both,4,460
15-1241.00,MicroStrategy,0.00175,0.7146,0.21611,both,1,460
15-1241.00,Time reporting,0.00247,0.7146,0.21682,both,1,460
15-1241.00,VMware,0.11067,0.9741,0.44063,both,49,460
15-1241.00,Elasticsearch,0.00444,0.9095,0.27841,both,2,460
15-1241.00,Ping Identity,0.00255,0.7146,0.2169,both,1,460
15-1241.00,Microsoft Visio,0.00255,0.9049,0.27464,both,1,460
15-1241.00,Network documentation,0.02069,0.818,0.26871,both,10,460
15-1241.00,Diagramming,0.00235,0.7146,0.2167,both,1,460
15-1241.00,Oracle WebLogic Server,0.00243,0.7146,0.21678,both,1,460
15-1241.00,Oracle PL/SQL,0.0,0.9,0.27,onet,0,460
15-1241.00,.NET,0.0223,0.9423,0.31162,both,11,460
15-1241.00,SAP,0.02024,0.9362,0.30696,both,9,460
15-1241.00,Microsoft Visual Studio,0.0,0.9,0.27,onet,0,460
15-1241.00,Mobile Development,0.05657,0.7135,0.26961,postings,25,460
15-1241.00,Perl,0.01558,0.9295,0.29879,both,7,460
15-1241.00,Bash,0.05074,0.9667,0.35753,both,22,460
15-1241.00,Apache Tomcat,0.00241,0.9049,0.27446,both,1,460
15-1241.00,PowerShell,0.05724,0.9741,0.36897,both,27,460
15-1241.00,Excel,0.05582,0.9727,0.36657,both,26,460
15-1241.00,Puppet,0.01834,0.933,0.30344,both,8,460
15-1241.00,Wireshark,0.02843,0.8434,0.28602,both,13,460
15-1241.00,Google Cloud,0.05297,0.7135,0.26607,postings,25,460
15-1241.00,Angular,0.01139,0.9221,0.29109,both,5,460
15-1241.00,Active directory,0.05648,0.7135,0.26952,postings,25,460
15-1241.00,McAfee,0.00175,0.7146,0.21611,both,1,460
15-1241.00,Ruby,0.00235,0.9049,0.27439,both,1,460
15-1241.00,Encryption,0.05204,0.905,0.33633,both,23,460
15-1241.00,Optimization,0.14786,0.9631,0.48496,postings,66,460
15-1241.00,NoSQL,0.00413,0.9095,0.27802,both,2,460
15-1241.00,UNIX,0.01969,0.9362,0.30625,both,9,460
15-1241.00,Docker,0.07295,0.9808,0.39273,both,33,460
15-1241.00,SQL Server,0.01822,0.933,0.30329,both,8,460
15-1241.00,Root cause analysis,0.04184,0.884,0.3161,both,19,460
15-1241.00,Dassault Systemes SolidWorks,0.0,0.9,0.27,onet,0,460
15-1241.00,Capacity planning,0.04655,0.9096,0.33118,both,24,460
15-1242.00,Data Visualization,0.09203,0.9179,0.36353,postings,50,529
15-1242.00,Hibernate ORM,0.0,0.9,0.27,onet,0,529
15-1242.00,Data warehouse,0.11082,0.9477,0.3939,postings,59,529
15-1242.00,DML,0.00133,0.7146,0.21538,both,1,529
15-1242.00,Extensible markup language XML,0.0,0.9,0.27,onet,0,529
15-1242.00,Leadership,0.14071,0.974,0.43524,postings,73,529
15-1242.00,Transact-SQL,0.00189,0.9049,0.27325,both,1,529
15-1242.00,Epic Systems,0.0,0.9,0.27,onet,0,529
15-1242.00,Data Warehousing,0.27446,0.9994,0.58608,postings,148,529
15-1242.00,MySQL,0.10178,0.9942,0.40387,both,57,529
15-1242.00,SAS,0.00638,0.9139,0.28027,both,3,529
15-1242.00,Marketo Marketing Automation,0.0,0.9,0.27,onet,0,529
15-1242.00,Algorithms,0.05431,0.7654,0.27301,postings,29,529
15-1242.00,JavaScript,0.01745,0.9393,0.29891,both,10,529
15-1242.00,Snowflake,0.15169,0.9983,0.45755,both,82,529
15-1242.00,Salesforce,0.01196,0.9259,0.28933,both,6,529
15-1242.00,Amazon Web Services AWS CloudFormation,0.0,0.9,0.27,onet,0,529
15-1242.00,CICS,0.00222,0.7146,0.21604,both,1,529
15-1242.00,Hadoop,0.08856,0.9905,0.38868,both,47,529
15-1242.00,SSAS,0.01962,0.8269,0.265,both,11,529
15-1242.00,SSIS,0.08012,0.9895,0.37957,both,45,529
15-1242.00,Data Analysis,0.19589,0.9945,0.50165,postings,104,529
15-1242.00,ESRI ArcGIS,0.00212,0.9049,0.27346,both,1,529
15-1242.00,Ab Initio,0.00768,0.7544,0.23236,both,4,529
15-1242.00,Node.js,0.00847,0.9181,0.28355,both,4,529
15-1242.00,Data dictionary,0.00502,0.7418,0.22642,both,3,529
15-1242.00,PySpark,0.05222,0.9765,0.34619,both,29,529
15-1242.00,REST APIs,0.09377,0.9179,0.36521,postings,50,529
15-1242.00,Informatica,0.05576,0.9777,0.3502,both,30,529
15-1242.00,Java,0.15197,0.9983,0.4578,both,81,529
15-1242.00,SolarWinds,0.00846,0.7544,0.23298,both,4,529
15-1242.00,Big Data,0.17828,0.9913,0.48185,postings,95,529
15-1242.00,Oracle Enterprise Manager,0.00921,0.7664,0.23727,both,5,529
15-1242.00,Problem Solving,0.24646,0.9986,0.55642,postings,131,529
15-1242.00,Data Engineering,0.38793,1.0,0.70484,postings,209,529
15-1242.00,Microsoft Outlook,0.00213,0.9049,0.27347,both,1,529
15-1242.00,JavaScript Object Notation JSON,0.0,0.9,0.27,onet,0,529
15-1242.00,CI/CD,0.11766,0.955,0.40374,postings,62,529
15-1242.00,MongoDB,0.03607,0.9613,0.32459,both,19,529
15-1242.00,RAC,0.04916,0.9096,0.31956,both,24,529
15-1242.00,Django,0.00424,0.9095,0.27688,both,2,529
15-1242.00,JUnit,0.00182,0.9049,0.27318,both,1,529
15-1242.00,Data validation,0.01906,0.818,0.26169,both,10,529
15-1242.00,Access management,0.0032,0.7285,0.221,both,2,529
15-1242.00,Airflow,0.07658,0.9871,0.37503,both,41,529
15-1242.00,IBM WebSphere,0.00421,0.7285,0.22176,both,2,529
15-1242.00,Storage management,0.00804,0.7544,0.23264,both,4,529
15-1242.00,Eclipse IDE,0.0,0.9,0.27,onet,0,529
15-1242.00,Tableau,0.05574,0.9777,0.35018,both,30,529
15-1242.00,Apache Maven,0.0,0.9,0.27,onet,0,529
15-1242.00,KornShell,0.00112,0.7146,0.21522,both,1,529
15-1242.00,SSRS,0.05121,0.9765,0.34516,both,29,529
15-1242.00,Relational database management system,0.00245,0.9095,0.27518,both,2,529
15-1242.00,VBA,0.00212,0.9049,0.27346,both,1,529
15-1242.00,Machine Learning,0.13489,0.9698,0.42746,postings,70,529
15-1242.00,Database capacity planning,0.00734,0.7544,0.23209,both,4,529
15-1242.00,Power BI,0.07215,0.9843,0.3694,both,37,529
15-1242.00,GitHub,0.02531,0.9478,0.30938,both,13,529
15-1242.00,ASP,0.0,0.9,0.27,onet,0,529
15-1242.00,MATLAB,0.0,0.9,0.27,onet,0,529
15-1242.00,Kubernetes,0.048,0.9713,0.34007,both,25,529
15-1242.00,Apache Hive,0.0,0.9,0.27,onet,0,529
15-1242.00,Microsoft Project,0.0,0.9,0.27,onet,0,529
15-1242.00,DevOps,0.12777,0.9612,0.41654,postings,65,529
15-1242.00,IBM Terraform,0.0,0.9,0.27,onet,0,529
15-1242.00,Relational database management,0.00728,0.7664,0.23573,both,5,529
15-1242.00,Perforce Helix,0.00421,0.7285,0.22176,both,2,529
15-1242.00,Azure,0.2849,1.0,0.59731,both,159,529
15-1242.00,Selenium,0.0,0.9,0.27,onet,0,529
15-1242.00,Apple macOS,0.0,0.9,0.27,onet,0,529
15-1242.00,Kafka,0.08953,0.9909,0.38987,both,48,529
15-1242.00,Chef,0.00417,0.9095,0.27682,both,2,529
15-1242.00,PostgreSQL,0.06305,0.9817,0.35911,both,34,529
15-1242.00,DDL,0.00435,0.7418,0.2259,both,3,529
15-1242.00,Spring Boot,0.0034,0.9095,0.27608,both,2,529
15-1242.00,Ansible,0.01877,0.9393,0.30021,both,10,529
15-1242.00,Scala,0.13901,0.9974,0.44391,both,73,529
15-1242.00,Amazon DynamoDB,0.0,0.9,0.27,onet,0,529
15-1242.00,PowerPoint,0.00402,0.9095,0.27667,both,2,529
15-1242.00,Swift,0.0,0.9,0.27,onet,0,529
15-1242.00,UNIX Shell,0.01131,0.9259,0.2887,both,6,529
15-1242.00,Apache Cassandra,0.0,0.9,0.27,onet,0,529
15-1242.00,Microsoft Azure Data Factory,0.0,0.9,0.27,onet,0,529
15-1242.00,AJAX,0.0,0.9,0.27,onet,0,529
15-1242.00,Git,0.07318,0.985,0.37074,both,38,529
15-1242.00,Cloud Computing,0.1701,0.9904,0.47295,postings,93,529
15-1242.00,Communication,0.27257,0.9991,0.58396,postings,141,529
15-1242.00,Python,0.42506,1.0,0.7436,both,226,529
15-1242.00,Microsoft Dynamics,0.00443,0.7285,0.22193,both,2,529
15-1242.00,Data Modeling,0.29568,0.9999,0.60852,both,161,529
15-1242.00,Database security,0.05809,0.9331,0.33648,both,30,529
15-1242.00,C++,0.0112,0.9259,0.2886,both,6,529
15-1242.00,GIS,0.00321,0.7285,0.22101,both,2,529
15-1242.00,Microsoft ASP.NET,0.0,0.9,0.27,onet,0,529
15-1242.00,Red Hat OpenShift,0.0,0.9,0.27,onet,0,529
15-1242.00,Amazon Elastic Compute Cloud EC2,0.0,0.9,0.27,onet,0,529
15-1242.00,Workflow,0.05485,0.7654,0.27345,postings,29,529
15-1242.00,C,0.00429,0.9095,0.27693,both,2,529
15-1242.00,Shell script,0.00799,0.9181,0.2831,both,4,529
15-1242.00,AWS,0.3333,1.0,0.64783,both,179,529
15-1242.00,CSS,0.00366,0.9095,0.27633,both,2,529
15-1242.00,Statistics,0.08195,0.8835,0.34062,postings,43,529
15-1242.00,Microsoft Word,0.00131,0.9049,0.2727,both,1,529
15-1242.00,Apache Subversion SVN,0.0,0.9,0.27,onet,0,529
15-1242.00,Spark,0.2113,0.9997,0.52037,both,117,529
15-1242.00,Oracle PeopleSoft,0.0,0.9,0.27,onet,0,529
15-1242.00,jQuery,0.00131,0.9049,0.2727,both,1,529
15-1242.00,Oracle Data Guard,0.01259,0.7778,0.24355,both,6,529
15-1242.00,PHP,0.00573,0.9139,0.27964,both,3,529
15-1242.00,Microsoft Access,0.00209,0.9049,0.27344,both,1,529
15-1242.00,Business Intelligence,0.07528,0.8577,0.3247,postings,39,529
15-1242.00,Agile,0.21911,0.9971,0.52714,postings,117,529
15-1242.00,Migration,0.12633,0.9612,0.4151,postings,65,529
15-1242.00,SPSS,0.0,0.9,0.27,onet,0,529
15-1242.00,Oracle DB,0.00646,0.9181,0.28163,both,4,529
15-1242.00,Cisco Webex,0.0,0.9,0.27,onet,0,529
15-1242.00,JCL,0.00621,0.7418,0.22734,both,3,529
15-1242.00,SQL,0.67074,1.0,1.0,both,359,529
15-1242.00,SAN,0.06382,0.9424,0.34548,both,33,529
15-1242.00,Oracle Primavera Enterprise Project Portfolio Management,0.0,0.9,0.27,onet,0,529
15-1242.00,Data mapping,0.01436,0.8087,0.25473,both,9,529
15-1242.00,Autodesk Revit,0.0,0.9,0.27,onet,0,529
15-1242.00,Confluence,0.02707,0.9503,0.31195,both,14,529
15-1242.00,C#,0.03606,0.9613,0.32457,both,19,529
15-1242.00,Teradata Database,0.00397,0.9095,0.27662,both,2,529
15-1242.00,Jira,0.06355,0.9798,0.35892,both,32,529
15-1242.00,Hypertext markup language HTML,0.0,0.9,0.27,onet,0,529
15-1242.00,Go,0.00854,0.9181,0.28362,both,4,529
15-1242.00,Splunk,0.0,0.9,0.27,onet,0,529
15-1242.00,IBM DB2,0.01163,0.9259,0.28901,both,6,529
15-1242.00,Spring Framework,0.0,0.9,0.27,onet,0,529
15-1242.00,ETL,0.32368,0.9998,0.6377,postings,174,529
15-1242.00,Redshift,0.1244,0.9963,0.42824,both,66,529
15-1242.00,Index tuning,0.00149,0.7146,0.2155,both,1,529
15-1242.00,Linux,0.08245,0.9871,0.38108,both,41,529
15-1242.00,Microsoft Visual Basic,0.0,0.9,0.27,onet,0,529
15-1242.00,Oracle SQL Developer,0.0,0.9,0.27,onet,0,529
15-1242.00,SharePoint,0.00462,0.9139,0.27859,both,3,529
15-1242.00,R,0.00908,0.9221,0.28537,both,5,529
15-1242.00,Project Management,0.05298,0.7534,0.26767,postings,28,529
15-1242.00,MariaDB,0.02574,0.8583,0.28054,both,15,529
15-1242.00,Microsoft Windows Server,0.0,0.9,0.27,onet,0,529
15-1242.00,Version Control,0.09974,0.9219,0.37254,postings,51,529
15-1242.00,Microsoft Windows,0.0,0.9,0.27,onet,0,529
15-1242.00,MicroStrategy,0.00421,0.7285,0.22176,both,2,529
15-1242.00,Database cloning,0.0015,0.7146,0.21551,both,1,529
15-1242.00,Elasticsearch,0.02299,0.9451,0.30621,both,12,529
15-1242.00,VMware,0.025,0.851,0.27751,both,14,529
15-1242.00,Google Analytics,0.0,0.9,0.27,onet,0,529
15-1242.00,Microsoft Visio,0.0,0.9,0.27,onet,0,529
15-1242.00,Oracle PL/SQL,0.01043,0.9221,0.28667,both,5,529
15-1242.00,Oracle WebLogic Server,0.00335,0.7285,0.22111,both,2,529
15-1242.00,.NET,0.0172,0.9362,0.29768,both,9,529
15-1242.00,SAP,0.01771,0.9393,0.29917,both,10,529
15-1242.00,Microsoft Visual Studio,0.00443,0.9095,0.27706,both,2,529
15-1242.00,Perl,0.00951,0.9221,0.28579,both,5,529
15-1242.00,Bash,0.02723,0.9503,0.31211,both,14,529
15-1242.00,Apache Tomcat,0.0,0.9,0.27,onet,0,529
15-1242.00,PowerShell,0.03483,0.9613,0.32334,both,19,529
15-1242.00,Excel,0.02237,0.9451,0.3056,both,12,529
15-1242.00,DTS,0.00776,0.7544,0.23242,both,4,529
15-1242.00,Puppet,0.0,0.9,0.27,onet,0,529
15-1242.00,Skype,0.0021,0.7146,0.21595,both,1,529
15-1242.00,Google Cloud,0.06826,0.8647,0.321,postings,40,529
15-1242.00,Angular,0.00263,0.9095,0.27535,both,2,529
15-1242.00,Ruby,0.00638,0.9139,0.28027,both,3,529
15-1242.00,Encryption,0.02333,0.8354,0.27094,both,12,529
15-1242.00,Optimization,0.20051,0.9953,0.50684,postings,107,529
15-1242.00,NoSQL,0.13507,0.9971,0.4397,both,71,529
15-1242.00,UNIX,0.04796,0.9727,0.34051,both,26,529
15-1242.00,Database Design,0.18416,0.9977,0.49104,both,97,529
15-1242.00,Docker,0.03555,0.9613,0.32406,both,19,529
15-1242.00,Software Testing,0.0603,0.808,0.29323,postings,33,529
15-1242.00,SQL Server,0.21346,0.9997,0.52263,both,118,529
15-1242.00,LexisNexis,0.00215,0.7146,0.21599,both,1,529
15-1243.00,Data Visualization,0.19053,0.5507,0.28632,postings,16,85
15-1243.00,Hibernate ORM,0.0,0.9,0.27,onet,0,85
15-1243.00,Data warehouse,0.16124,0.478,0.23236,postings,13,85
15-1243.00,Database management systems,0.01315,0.7146,0.22524,both,1,85
15-1243.00,Extensible markup language XML,0.0,0.9,0.27,onet,0,85
15-1243.00,Leadership,0.18301,0.5507,0.28154,postings,16,85
15-1243.00,Transact-SQL,0.0,0.9,0.27,onet,0,85
15-1243.00,Epic Systems,0.0,0.9,0.27,onet,0,85
15-1243.00,Data Warehousing,0.4353,0.8428,0.67634,postings,37,85
15-1243.00,MySQL,0.09127,0.933,0.37819,both,8,85
15-1243.00,SAS,0.02562,0.9095,0.29975,both,2,85
15-1243.00,JavaScript,0.0262,0.9095,0.30037,both,2,85
15-1243.00,Snowflake,0.29571,0.9713,0.623,both,25,85
15-1243.00,Salesforce,0.0569,0.9221,0.33721,both,5,85
15-1243.00,Amazon Web Services AWS CloudFormation,0.0,0.9,0.27,onet,0,85
15-1243.00,Hadoop,0.10224,0.9393,0.39268,both,10,85
15-1243.00,SSAS,0.02626,0.7285,0.24065,both,2,85
15-1243.00,SSIS,0.09744,0.933,0.38484,both,8,85
15-1243.00,Data Analysis,0.16384,0.5276,0.25809,postings,15,85
15-1243.00,ESRI ArcGIS,0.0,0.9,0.27,onet,0,85
15-1243.00,Node.js,0.0,0.9,0.27,onet,0,85
15-1243.00,Data dictionary,0.01385,0.7146,0.22581,both,1,85
15-1243.00,REST APIs,0.17465,0.5507,0.27623,postings,16,85
15-1243.00,Informatica,0.03325,0.9139,0.30926,both,3,85
15-1243.00,Java,0.1,0.9362,0.38895,both,9,85
15-1243.00,UML,0.01253,0.7146,0.22473,both,1,85
15-1243.00,Big Data,0.19632,0.5934,0.31252,postings,18,85
15-1243.00,Problem Solving,0.22404,0.6133,0.34259,postings,19,85
15-1243.00,Data Engineering,0.39982,0.8262,0.62923,postings,35,85
15-1243.00,Microsoft Outlook,0.0,0.9,0.27,onet,0,85
15-1243.00,JavaScript Object Notation JSON,0.0,0.9,0.27,onet,0,85
15-1243.00,CI/CD,0.15528,0.478,0.22907,postings,13,85
15-1243.00,MongoDB,0.05829,0.9221,0.33869,both,5,85
15-1243.00,Django,0.00928,0.9049,0.28116,both,1,85
15-1243.00,JUnit,0.0,0.9,0.27,onet,0,85
15-1243.00,Data validation,0.01772,0.7285,0.23347,both,2,85
15-1243.00,Adobe Acrobat,0.0,0.9,0.27,onet,0,85
15-1243.00,Airflow,0.05712,0.9221,0.33745,both,5,85
15-1243.00,Eclipse IDE,0.0,0.9,0.27,onet,0,85
15-1243.00,Tableau,0.10867,0.9393,0.39965,both,10,85
15-1243.00,Apache Maven,0.0,0.9,0.27,onet,0,85
15-1243.00,SSRS,0.05655,0.9221,0.33683,both,5,85
15-1243.00,VBA,0.0,0.9,0.27,onet,0,85
15-1243.00,Machine Learning,0.1293,0.4231,0.19007,postings,11,85
15-1243.00,Power BI,0.10449,0.9362,0.3938,both,9,85
15-1243.00,GitHub,0.0,0.9,0.27,onet,0,85
15-1243.00,ASP,0.0,0.9,0.27,onet,0,85
15-1243.00,MATLAB,0.0,0.9,0.27,onet,0,85
15-1243.00,Apache Hive,0.0,0.9,0.27,onet,0,85
15-1243.00,Microsoft Project,0.0,0.9,0.27,onet,0,85
15-1243.00,DevOps,0.16194,0.5034,0.24514,postings,14,85
15-1243.00,Relational database management,0.01315,0.7146,0.22524,both,1,85
15-1243.00,Azure,0.48679,0.9871,0.85087,both,41,85
15-1243.00,Selenium,0.0,0.9,0.27,onet,0,85
15-1243.00,Apple macOS,0.0,0.9,0.27,onet,0,85
15-1243.00,Kafka,0.09647,0.9362,0.38513,both,9,85
15-1243.00,Chef,0.0,0.9,0.27,onet,0,85
15-1243.00,PostgreSQL,0.09225,0.933,0.37925,both,8,85
15-1243.00,Spring Boot,0.0,0.9,0.27,onet,0,85
15-1243.00,React,0.00925,0.9049,0.28113,both,1,85
15-1243.00,Ansible,0.0,0.9,0.27,onet,0,85
15-1243.00,Scala,0.05751,0.9221,0.33786,both,5,85
15-1243.00,Amazon DynamoDB,0.0,0.9,0.27,onet,0,85
15-1243.00,PowerPoint,0.0,0.9,0.27,onet,0,85
15-1243.00,Swift,0.01301,0.9049,0.28505,both,1,85
15-1243.00,UNIX Shell,0.01388,0.9049,0.28596,both,1,85
15-1243.00,Apache Cassandra,0.0,0.9,0.27,onet,0,85
15-1243.00,AJAX,0.0,0.9,0.27,onet,0,85
15-1243.00,Git,0.05432,0.9221,0.33446,both,5,85
15-1243.00,Cloud Computing,0.32906,0.7408,0.50363,postings,27,85
15-1243.00,Communication,0.31999,0.7408,0.49587,postings,27,85
15-1243.00,Python,0.41842,0.9817,0.76873,both,34,85
15-1243.00,BigQuery,0.06583,0.2592,0.09745,postings,6,85
15-1243.00,Microsoft Dynamics,0.00929,0.7146,0.22205,both,1,85
15-1243.00,Data Modeling,0.54707,0.9699,0.90354,both,46,85
15-1243.00,C++,0.00943,0.9049,0.28131,both,1,85
15-1243.00,Microsoft ASP.NET,0.0,0.9,0.27,onet,0,85
15-1243.00,Red Hat OpenShift,0.0,0.9,0.27,onet,0,85
15-1243.00,Amazon Elastic Compute Cloud EC2,0.0,0.9,0.27,onet,0,85
15-1243.00,C,0.03591,0.9139,0.31207,both,3,85
15-1243.00,Shell script,0.01313,0.9049,0.28518,both,1,85
15-1243.00,AWS,0.37698,0.9798,0.72036,both,32,85
15-1243.00,CSS,0.01854,0.9095,0.29232,both,2,85
15-1243.00,Microsoft Word,0.0,0.9,0.27,onet,0,85
15-1243.00,Apache Subversion SVN,0.0,0.9,0.27,onet,0,85
15-1243.00,Spark,0.24249,0.965,0.55965,both,21,85
15-1243.00,Oracle PeopleSoft,0.0,0.9,0.27,onet,0,85
15-1243.00,jQuery,0.0,0.9,0.27,onet,0,85
15-1243.00,PHP,0.0,0.9,0.27,onet,0,85
15-1243.00,Microsoft Access,0.0,0.9,0.27,onet,0,85
15-1243.00,Business Intelligence,0.0724,0.2592,0.09942,postings,6,85
15-1243.00,Agile,0.1848,0.5507,0.28268,postings,16,85
15-1243.00,Migration,0.16065,0.5034,0.24439,postings,14,85
15-1243.00,MDM,0.13006,0.3935,0.17712,postings,10,85
15-1243.00,SPSS,0.0,0.9,0.27,onet,0,85
15-1243.00,Oracle DB,0.0,0.9,0.27,onet,0,85
15-1243.00,Cisco Webex,0.0,0.9,0.27,onet,0,85
15-1243.00,SQL,0.60635,0.9926,0.99257,both,52,85
15-1243.00,SAN,0.03242,0.7418,0.2503,both,3,85
15-1243.00,Oracle Primavera Enterprise Project Portfolio Management,0.0,0.9,0.27,onet,0,85
15-1243.00,Data mapping,0.01304,0.7146,0.22514,both,1,85
15-1243.00,Autodesk Revit,0.0,0.9,0.27,onet,0,85
15-1243.00,Confluence,0.0,0.9,0.27,onet,0,85
15-1243.00,C#,0.03563,0.9139,0.31177,both,3,85
15-1243.00,Infrastructure as Code,0.08466,0.2953,0.11745,postings,7,85
15-1243.00,Teradata Database,0.0,0.9,0.27,onet,0,85
15-1243.00,Jira,0.00928,0.9049,0.28116,both,1,85
15-1243.00,Google Docs,0.0,0.9,0.27,onet,0,85
15-1243.00,Hypertext markup language HTML,0.0,0.9,0.27,onet,0,85
15-1243.00,Go,0.0,0.9,0.27,onet,0,85
15-1243.00,Splunk,0.0219,0.9095,0.29585,both,2,85
15-1243.00,Spring Framework,0.00928,0.9049,0.28116,both,1,85
15-1243.00,IBM DB2,0.00943,0.9049,0.28131,both,1,85
15-1243.00,ETL,0.43734,0.8428,0.67832,postings,37,85
15-1243.00,Redshift,0.09756,0.9362,0.38632,both,9,85
15-1243.00,Linux,0.02675,0.9095,0.30094,both,2,85
15-1243.00,Microsoft Visual Basic,0.0,0.9,0.27,onet,0,85
15-1243.00,Oracle SQL Developer,0.0,0.9,0.27,onet,0,85
15-1243.00,SharePoint,0.00929,0.9049,0.28116,both,1,85
15-1243.00,R,0.03553,0.9139,0.31167,both,3,85
15-1243.00,Project Management,0.11748,0.3935,0.17141,postings,10,85
15-1243.00,Microsoft Windows Server,0.0,0.9,0.27,onet,0,85
15-1243.00,Version Control,0.06245,0.2592,0.09644,postings,6,85
15-1243.00,Microsoft Windows,0.0,0.9,0.27,onet,0,85
15-1243.00,Elasticsearch,0.00702,0.9049,0.2788,both,1,85
15-1243.00,Google Analytics,0.0,0.9,0.27,onet,0,85
15-1243.00,Microsoft Visio,0.0,0.9,0.27,onet,0,85
15-1243.00,Oracle PL/SQL,0.0,0.9,0.27,onet,0,85
15-1243.00,.NET,0.01385,0.9049,0.28593,both,1,85
15-1243.00,SAP,0.06903,0.9259,0.35156,both,6,85
15-1243.00,Microsoft Visual Studio,0.0,0.9,0.27,onet,0,85
15-1243.00,Perl,0.01307,0.9049,0.28511,both,1,85
15-1243.00,Bash,0.0,0.9,0.27,onet,0,85
15-1243.00,Apache Tomcat,0.0,0.9,0.27,onet,0,85
15-1243.00,PowerShell,0.07203,0.9259,0.35477,both,6,85
15-1243.00,Excel,0.0,0.9,0.27,onet,0,85
15-1243.00,Puppet,0.0,0.9,0.27,onet,0,85
15-1243.00,Google Cloud,0.10082,0.3624,0.15089,postings,9,85
15-1243.00,Angular,0.0,0.9,0.27,onet,0,85
15-1243.00,Ruby,0.0,0.9,0.27,onet,0,85
15-1243.00,Encryption,0.02491,0.7285,0.23951,both,2,85
15-1243.00,Optimization,0.19266,0.5507,0.28768,postings,16,85
15-1243.00,NoSQL,0.08882,0.933,0.37555,both,8,85
15-1243.00,UNIX,0.02217,0.9095,0.29613,both,2,85
15-1243.00,Database Design,0.19097,0.8652,0.45031,both,16,85
15-1243.00,Docker,0.06287,0.9221,0.34357,both,5,85
15-1243.00,SQL Server,0.17175,0.9528,0.47474,both,15,85
15-1243.00,Root cause analysis,0.06613,0.2592,0.09754,postings,6,85
15-1244.00,Hibernate ORM,0.0,0.9,0.27,onet,0,223
15-1244.00,Extensible markup language XML,0.0,0.9,0.27,onet,0,223
15-1244.00,Leadership,0.16825,0.8428,0.46117,postings,37,223
15-1244.00,Transact-SQL,0.0,0.9,0.27,onet,0,223
15-1244.00,Epic Systems,0.0,0.9,0.27,onet,0,223
15-1244.00,MySQL,0.02472,0.9221,0.31013,both,5,223
15-1244.00,SAS,0.0,0.9,0.27,onet,0,223
15-1244.00,Marketo Marketing Automation,0.0,0.9,0.27,onet,0,223
15-1244.00,JavaScript,0.02485,0.9221,0.3103,both,5,223
15-1244.00,Amazon Web Services AWS CloudFormation,0.0,0.9,0.27,onet,0,223
15-1244.00,CICS,0.00427,0.7146,0.21888,both,1,223
15-1244.00,Hadoop,0.00358,0.9049,0.27622,both,1,223
15-1244.00,SCADA,0.00428,0.7146,0.21888,both,1,223
15-1244.00,Microsoft Active Directory,0.01634,0.9181,0.29749,both,4,223
15-1244.00,SSIS,0.0,0.9,0.27,onet,0,223
15-1244.00,ESRI ArcGIS,0.0,0.9,0.27,onet,0,223
15-1244.00,LAN,0.05429,0.5034,0.19118,postings,14,223
15-1244.00,Node.js,0.0,0.9,0.27,onet,0,223
15-1244.00,Networking,0.47643,0.995,0.99501,postings,106,223
15-1244.00,Java,0.01986,0.9181,0.30223,both,4,223
15-1244.00,Requirements management,0.00475,0.7146,0.21938,both,1,223
15-1244.00,SolarWinds,0.03382,0.7886,0.27576,both,7,223
15-1244.00,Problem Solving,0.25371,0.9392,0.63186,postings,56,223
15-1244.00,Microsoft Outlook,0.00843,0.9095,0.28412,both,2,223
15-1244.00,JavaScript Object Notation JSON,0.0,0.9,0.27,onet,0,223
15-1244.00,MongoDB,0.0,0.9,0.27,onet,0,223
15-1244.00,Django,0.0,0.9,0.27,onet,0,223
15-1244.00,Access management,0.00968,0.7285,0.22892,both,2,223
15-1244.00,Adobe Acrobat,0.0,0.9,0.27,onet,0,223
15-1244.00,IBM WebSphere,0.01031,0.7285,0.2296,both,2,223
15-1244.00,Oracle Hyperion,0.00264,0.7146,0.21716,both,1,223
15-1244.00,Eclipse IDE,0.0,0.9,0.27,onet,0,223
15-1244.00,Microsoft Teams,0.0,0.9,0.27,onet,0,223
15-1244.00,Tableau,0.00274,0.9049,0.27511,both,1,223
15-1244.00,Apache Maven,0.0,0.9,0.27,onet,0,223
15-1244.00,SSRS,0.0,0.9,0.27,onet,0,223
15-1244.00,VBA,0.0,0.9,0.27,onet,0,223
15-1244.00,WAN,0.05402,0.5034,0.19098,postings,14,223
15-1244.00,GitHub,0.0,0.9,0.27,onet,0,223
15-1244.00,ASP,0.0,0.9,0.27,onet,0,223
15-1244.00,Vulnerability Management,0.12133,0.7654,0.36608,postings,29,223
15-1244.00,Apache Hive,0.0,0.9,0.27,onet,0,223
15-1244.00,NAS,0.01763,0.7544,0.24586,both,4,223
15-1244.00,Microsoft Project,0.0,0.9,0.27,onet,0,223
15-1244.00,Perforce Helix,0.00517,0.7146,0.21982,both,1,223
15-1244.00,Azure,0.18267,0.9865,0.56071,both,40,223
15-1244.00,Apple macOS,0.0,0.9,0.27,onet,0,223
15-1244.00,Kafka,0.00514,0.9049,0.2783,both,1,223
15-1244.00,Chef,0.04664,0.9362,0.34504,both,9,223
15-1244.00,PostgreSQL,0.00879,0.9095,0.28461,both,2,223
15-1244.00,Ansible,0.05503,0.9451,0.35996,both,12,223
15-1244.00,Amazon DynamoDB,0.0,0.9,0.27,onet,0,223
15-1244.00,DNS,0.21542,0.9699,0.59797,both,46,223
15-1244.00,PowerPoint,0.04302,0.9393,0.34118,both,10,223
15-1244.00,Network management,0.04693,0.818,0.30182,both,10,223
15-1244.00,Swift,0.00445,0.9049,0.27737,both,1,223
15-1244.00,UNIX Shell,0.00356,0.9049,0.27619,both,1,223
15-1244.00,Apache Cassandra,0.0,0.9,0.27,onet,0,223
15-1244.00,Network Security,0.23588,0.9257,0.59855,postings,52,223
15-1244.00,BGP,0.0186,0.9181,0.30053,both,4,223
15-1244.00,AJAX,0.00475,0.9049,0.27778,both,1,223
15-1244.00,Git,0.0126,0.9139,0.2911,both,3,223
15-1244.00,Cloud Computing,0.08994,0.6321,0.27317,postings,20,223
15-1244.00,Communication,0.30397,0.9631,0.71907,postings,66,223
15-1244.00,Python,0.11602,0.9727,0.45764,both,26,223
15-1244.00,Microsoft Dynamics,0.00973,0.7285,0.22898,both,2,223
15-1244.00,C++,0.00574,0.9095,0.28053,both,2,223
15-1244.00,GIS,0.00523,0.7146,0.21988,both,1,223
15-1244.00,Microsoft ASP.NET,0.0,0.9,0.27,onet,0,223
15-1244.00,Red Hat OpenShift,0.0,0.9,0.27,onet,0,223
15-1244.00,Amazon Elastic Compute Cloud EC2,0.0,0.9,0.27,onet,0,223
15-1244.00,Help desk,0.0566,0.8434,0.32316,both,13,223
15-1244.00,C,0.01566,0.9181,0.29657,both,4,223
15-1244.00,Shell script,0.00785,0.9095,0.28334,both,2,223
15-1244.00,VPN,0.05573,0.8434,0.32207,both,13,223
15-1244.00,AWS,0.10047,0.9683,0.43345,both,23,223
15-1244.00,Apache Subversion SVN,0.0,0.9,0.27,onet,0,223
15-1244.00,Spark,0.00493,0.9049,0.27802,both,1,223
15-1244.00,Oracle PeopleSoft,0.0,0.9,0.27,onet,0,223
15-1244.00,jQuery,0.00521,0.9049,0.27839,both,1,223
15-1244.00,PHP,0.01538,0.9139,0.29483,both,3,223
15-1244.00,Microsoft Access,0.00264,0.9049,0.27497,both,1,223
15-1244.00,Ubuntu,0.01902,0.7544,0.2474,both,4,223
15-1244.00,Agile,0.06931,0.5276,0.21202,postings,15,223
15-1244.00,Migration,0.09866,0.6321,0.28127,postings,20,223
15-1244.00,Oracle DB,0.0,0.9,0.27,onet,0,223
15-1244.00,Cisco Webex,0.0,0.9,0.27,onet,0,223
15-1244.00,JCL,0.00493,0.7146,0.21957,both,1,223
15-1244.00,SQL,0.09793,0.9667,0.42911,both,22,223
15-1244.00,Systems integration,0.00358,0.7146,0.21814,both,1,223
15-1244.00,SAN,0.09109,0.8896,0.38596,both,20,223
15-1244.00,Oracle Primavera Enterprise Project Portfolio Management,0.0,0.9,0.27,onet,0,223
15-1244.00,Confluence,0.0074,0.9095,0.28274,both,2,223
15-1244.00,C#,0.00428,0.9049,0.27715,both,1,223
15-1244.00,Teradata Database,0.0,0.9,0.27,onet,0,223
15-1244.00,Jira,0.02988,0.9295,0.31966,both,7,223
15-1244.00,Hypertext markup language HTML,0.0,0.9,0.27,onet,0,223
15-1244.00,Go,0.0,0.9,0.27,onet,0,223
15-1244.00,ServiceNow,0.05916,0.9478,0.36672,both,13,223
15-1244.00,Splunk,0.02538,0.9221,0.31102,both,5,223
15-1244.00,SNMP,0.01456,0.7418,0.2384,both,3,223
15-1244.00,Redshift,0.0,0.9,0.27,onet,0,223
15-1244.00,Linux,0.30815,0.997,0.75049,both,70,223
15-1244.00,Firewall,0.04645,0.9393,0.34591,both,10,223
15-1244.00,Microsoft Visual Basic,0.0,0.9,0.27,onet,0,223
15-1244.00,Microsoft Exchange,0.00495,0.7146,0.21959,both,1,223
15-1244.00,SharePoint,0.06049,0.9503,0.36956,both,14,223
15-1244.00,Project Management,0.06793,0.5507,0.22017,postings,16,223
15-1244.00,Nagios,0.01202,0.7418,0.23563,both,3,223
15-1244.00,Microsoft Windows Server,0.01955,0.9181,0.30181,both,4,223
15-1244.00,Microsoft Windows,0.0507,0.9451,0.35393,both,12,223
15-1244.00,VMware,0.27449,0.9871,0.69426,both,63,223
15-1244.00,Elasticsearch,0.0,0.9,0.27,onet,0,223
15-1244.00,Microsoft Visio,0.0,0.9,0.27,onet,0,223
15-1244.00,Oracle PL/SQL,0.0,0.9,0.27,onet,0,223
15-1244.00,Citrix XenApp,0.01138,0.7418,0.23494,both,3,223
15-1244.00,.NET,0.00428,0.9049,0.27715,both,1,223
15-1244.00,SAP,0.01739,0.9181,0.2989,both,4,223
15-1244.00,Microsoft Visual Studio,0.0,0.9,0.27,onet,0,223
15-1244.00,Perl,0.03485,0.933,0.32767,both,8,223
15-1244.00,Bash,0.08687,0.9613,0.41109,both,19,223
15-1244.00,Apache Tomcat,0.0,0.9,0.27,onet,0,223
15-1244.00,PowerShell,0.15284,0.9826,0.51545,both,35,223
15-1244.00,Excel,0.06668,0.9528,0.37917,both,15,223
15-1244.00,Puppet,0.01677,0.9181,0.29806,both,4,223
15-1244.00,Wireshark,0.01505,0.7418,0.23894,both,3,223
15-1244.00,Active directory,0.28009,0.9858,0.70142,both,61,223
15-1244.00,McAfee,0.00498,0.7146,0.21961,both,1,223
15-1244.00,Ruby,0.00499,0.9049,0.2781,both,1,223
15-1244.00,DHCP,0.09156,0.8896,0.38658,both,20,223
15-1244.00,Encryption,0.03656,0.7989,0.28258,both,8,223
15-1244.00,Optimization,0.08235,0.5726,0.24105,postings,17,223
15-1244.00,NoSQL,0.00574,0.9095,0.28053,both,2,223
15-1244.00,UNIX,0.05239,0.9451,0.35629,both,12,223
15-1244.00,Docker,0.03089,0.9295,0.32105,both,7,223
15-1244.00,Zabbix,0.00491,0.7146,0.21955,both,1,223
15-1244.00,SQL Server,0.02319,0.9221,0.30806,both,5,223
15-1244.00,Root cause analysis,0.01755,0.7544,0.24576,both,4,223
15-1251.00,Hibernate ORM,0.0,0.9,0.27,onet,0,124
15-1251.00,Object-Oriented Programming,0.06792,0.3297,0.15756,postings,8,124
15-1251.00,Extensible markup language XML,0.0,0.9,0.27,onet,0,124
15-1251.00,Epic Systems,0.0,0.9,0.27,onet,0,124
15-1251.00,Transact-SQL,0.0,0.9,0.27,onet,0,124
15-1251.00,Leadership,0.08509,0.3935,0.20574,postings,10,124
15-1251.00,MySQL,0.01464,0.9095,0.30772,both,2,124
15-1251.00,SAS,0.05664,0.9295,0.41677,both,7,124
15-1251.00,JavaScript,0.07451,0.9362,0.4636,both,9,124
15-1251.00,Amazon Web Services AWS CloudFormation,0.0,0.9,0.27,onet,0,124
15-1251.00,CICS,0.02613,0.7418,0.2733,both,3,124
15-1251.00,Hadoop,0.0,0.9,0.27,onet,0,124
15-1251.00,SCADA,0.01852,0.7285,0.25392,both,2,124
15-1251.00,SSIS,0.00899,0.9049,0.29276,both,1,124
15-1251.00,ESRI ArcGIS,0.0,0.9,0.27,onet,0,124
15-1251.00,Data Analysis,0.09005,0.4231,0.22671,postings,11,124
15-1251.00,Node.js,0.00873,0.9049,0.29217,both,1,124
15-1251.00,Networking,0.10808,0.5034,0.29355,postings,14,124
15-1251.00,REST APIs,0.09919,0.478,0.26757,postings,13,124
15-1251.00,Java,0.05021,0.9259,0.39956,both,6,124
15-1251.00,Problem Solving,0.22609,0.7275,0.64908,postings,26,124
15-1251.00,JavaScript Object Notation JSON,0.0,0.9,0.27,onet,0,124
15-1251.00,MongoDB,0.0,0.9,0.27,onet,0,124
15-1251.00,Django,0.0,0.9,0.27,onet,0,124
15-1251.00,JUnit,0.0,0.9,0.27,onet,0,124
15-1251.00,Adobe Acrobat,0.0,0.9,0.27,onet,0,124
15-1251.00,Eclipse IDE,0.0,0.9,0.27,onet,0,124
15-1251.00,Tableau,0.0,0.9,0.27,onet,0,124
15-1251.00,Apache Maven,0.0,0.9,0.27,onet,0,124
15-1251.00,SSRS,0.0,0.9,0.27,onet,0,124
15-1251.00,Forth,0.00957,0.7146,0.23231,both,1,124
15-1251.00,VBA,0.01623,0.9095,0.31152,both,2,124
15-1251.00,GitHub,0.01797,0.9095,0.31566,both,2,124
15-1251.00,Ruby on Rails,0.00908,0.7146,0.23138,both,1,124
15-1251.00,ASP,0.0,0.9,0.27,onet,0,124
15-1251.00,MATLAB,0.02805,0.9139,0.34132,both,3,124
15-1251.00,Apache Hive,0.0,0.9,0.27,onet,0,124
15-1251.00,Microsoft Project,0.01379,0.9095,0.30571,both,2,124
15-1251.00,Relational database management,0.00954,0.7146,0.23225,both,1,124
15-1251.00,Azure,0.02616,0.9139,0.3368,both,3,124
15-1251.00,Selenium,0.0,0.9,0.27,onet,0,124
15-1251.00,Kafka,0.0,0.9,0.27,onet,0,124
15-1251.00,Chef,0.0,0.9,0.27,onet,0,124
15-1251.00,PostgreSQL,0.0,0.9,0.27,onet,0,124
15-1251.00,Spring Boot,0.0,0.9,0.27,onet,0,124
15-1251.00,React,0.01781,0.9095,0.31529,both,2,124
15-1251.00,Ansible,0.00908,0.9049,0.29298,both,1,124
15-1251.00,Scala,0.0,0.9,0.27,onet,0,124
15-1251.00,Amazon DynamoDB,0.0,0.9,0.27,onet,0,124
15-1251.00,PowerPoint,0.03392,0.9181,0.35701,both,4,124
15-1251.00,Swift,0.00565,0.9049,0.28485,both,1,124
15-1251.00,UNIX Shell,0.00954,0.9049,0.29407,both,1,124
15-1251.00,Apache Cassandra,0.0,0.9,0.27,onet,0,124
15-1251.00,AJAX,0.00903,0.9049,0.29287,both,1,124
15-1251.00,Git,0.03267,0.9181,0.35401,both,4,124
15-1251.00,Communication,0.26722,0.8262,0.82623,postings,35,124
15-1251.00,Python,0.10399,0.9478,0.54253,both,13,124
15-1251.00,Microsoft Dynamics,0.00942,0.7146,0.23203,both,1,124
15-1251.00,C++,0.09801,0.9503,0.5291,both,14,124
15-1251.00,GIS,0.06475,0.7886,0.37033,both,7,124
15-1251.00,Microsoft ASP.NET,0.0,0.9,0.27,onet,0,124
15-1251.00,Red Hat OpenShift,0.0,0.9,0.27,onet,0,124
15-1251.00,Amazon Elastic Compute Cloud EC2,0.0,0.9,0.27,onet,0,124
15-1251.00,Workflow,0.01343,0.7285,0.2442,both,2,124
15-1251.00,C,0.01994,0.9139,0.32193,both,3,124
15-1251.00,Shell script,0.0,0.9,0.27,onet,0,124
15-1251.00,AWS,0.0,0.9,0.27,onet,0,124
15-1251.00,CSS,0.04196,0.9221,0.378,both,5,124
15-1251.00,Statistics,0.13487,0.5507,0.35976,postings,16,124
15-1251.00,Apache Subversion SVN,0.0,0.9,0.27,onet,0,124
15-1251.00,Spark,0.0,0.9,0.27,onet,0,124
15-1251.00,Microsoft Word,0.0,0.9,0.27,onet,0,124
15-1251.00,Back-end Development,0.06592,0.3297,0.15583,postings,8,124
15-1251.00,Oracle PeopleSoft,0.0,0.9,0.27,onet,0,124
15-1251.00,jQuery,0.01776,0.9095,0.31518,both,2,124
15-1251.00,PHP,0.00565,0.9049,0.28485,both,1,124
15-1251.00,Microsoft Access,0.0,0.9,0.27,onet,0,124
15-1251.00,Agile,0.09775,0.4512,0.25088,postings,12,124
15-1251.00,SPSS,0.0,0.9,0.27,onet,0,124
15-1251.00,Oracle DB,0.0,0.9,0.27,onet,0,124
15-1251.00,JCL,0.03401,0.7544,0.29353,both,4,124
15-1251.00,SQL,0.21905,0.9753,0.85226,both,28,124
15-1251.00,Web Development,0.07613,0.3624,0.18098,postings,9,124
15-1251.00,Confluence,0.0,0.9,0.27,onet,0,124
15-1251.00,IDE,0.00903,0.7146,0.2313,both,1,124
15-1251.00,C#,0.06629,0.933,0.4419,both,8,124
15-1251.00,Teradata Database,0.0,0.9,0.27,onet,0,124
15-1251.00,Jira,0.01807,0.9095,0.3159,both,2,124
15-1251.00,Hypertext markup language HTML,0.0,0.9,0.27,onet,0,124
15-1251.00,Go,0.0,0.9,0.27,onet,0,124
15-1251.00,Splunk,0.0,0.9,0.27,onet,0,124
15-1251.00,IBM DB2,0.00865,0.9049,0.29196,both,1,124
15-1251.00,Spring Framework,0.0,0.9,0.27,onet,0,124
15-1251.00,Redshift,0.0,0.9,0.27,onet,0,124
15-1251.00,Linux,0.05277,0.9295,0.40734,both,7,124
15-1251.00,Microsoft Visual Basic,0.0,0.9,0.27,onet,0,124
15-1251.00,SharePoint,0.02744,0.9139,0.33986,both,3,124
15-1251.00,R,0.04314,0.9221,0.38084,both,5,124
15-1251.00,Project Management,0.08732,0.4231,0.22369,postings,11,124
15-1251.00,Microsoft Windows Server,0.0,0.9,0.27,onet,0,124
15-1251.00,Illustrator,0.01394,0.9095,0.30606,both,2,124
15-1251.00,Microsoft Windows,0.0,0.9,0.27,onet,0,124
15-1251.00,Bentley MicroStation,0.0,0.9,0.27,onet,0,124
15-1251.00,Elasticsearch,0.0,0.9,0.27,onet,0,124
15-1251.00,Embarcadero Delphi,0.00565,0.7146,0.22496,both,1,124
15-1251.00,Google Analytics,0.0,0.9,0.27,onet,0,124
15-1251.00,Microsoft Visio,0.0,0.9,0.27,onet,0,124
15-1251.00,Oracle PL/SQL,0.0,0.9,0.27,onet,0,124
15-1251.00,.NET,0.04147,0.9221,0.3768,both,5,124
15-1251.00,SAP,0.00901,0.9049,0.29282,both,1,124
15-1251.00,Microsoft Visual Studio,0.0,0.9,0.27,onet,0,124
15-1251.00,Pascal,0.00565,0.7146,0.22496,both,1,124
15-1251.00,Perl,0.01519,0.9095,0.30904,both,2,124
15-1251.00,Photoshop,0.01394,0.9095,0.30606,both,2,124
15-1251.00,Bash,0.0,0.9,0.27,onet,0,124
15-1251.00,Apache Tomcat,0.0,0.9,0.27,onet,0,124
15-1251.00,Excel,0.09546,0.9451,0.51988,both,12,124
15-1251.00,PowerShell,0.00939,0.9049,0.29373,both,1,124
15-1251.00,Puppet,0.0,0.9,0.27,onet,0,124
15-1251.00,Angular,0.00873,0.9049,0.29217,both,1,124
15-1251.00,Ruby,0.01473,0.9095,0.30794,both,2,124
15-1251.00,NoSQL,0.0,0.9,0.27,onet,0,124
15-1251.00,UNIX,0.05954,0.9295,0.42384,both,7,124
15-1251.00,Docker,0.00908,0.9049,0.29298,both,1,124
15-1251.00,Software Testing,0.07195,0.3297,0.16104,postings,8,124
15-1251.00,SQL Server,0.0478,0.9259,0.39371,both,6,124
15-1252.00,IBM WebSphere MQ,0.0007,0.9049,0.27255,both,1,1627
15-1252.00,Hibernate ORM,0.0,0.9,0.27,onet,0,1627
15-1252.00,Object-Oriented Programming,0.12005,0.9999,0.50568,postings,194,1627
15-1252.00,Kotlin,0.03831,0.9871,0.36094,both,63,1627
15-1252.00,DML,0.00038,0.7146,0.21485,both,1,1627
15-1252.00,Extensible markup language XML,0.0,0.9,0.27,onet,0,1627
15-1252.00,Transact-SQL,0.0,0.9,0.27,onet,0,1627
15-1252.00,Leadership,0.16718,1.0,0.58645,postings,275,1627
15-1252.00,AWK,0.00043,0.7146,0.21492,both,1,1627
15-1252.00,Amazon Kinesis,0.00066,0.7146,0.2152,both,1,1627
15-1252.00,MySQL,0.05239,0.9986,0.38925,both,86,1627
15-1252.00,Apache HBase,0.00069,0.7146,0.21523,both,1,1627
15-1252.00,SAS,0.00106,0.9095,0.2745,both,2,1627
15-1252.00,Marketo Marketing Automation,0.0,0.9,0.27,onet,0,1627
15-1252.00,Algorithms,0.12845,1.0,0.52008,postings,211,1627
15-1252.00,JavaScript,0.29897,1.0,0.81229,both,481,1627
15-1252.00,Snowflake,0.01107,0.9613,0.30663,both,19,1627
15-1252.00,Salesforce,0.00896,0.9503,0.29969,both,14,1627
15-1252.00,Amazon Web Services AWS CloudFormation,0.0,0.9,0.27,onet,0,1627
15-1252.00,CICS,0.00276,0.7544,0.22989,both,4,1627
15-1252.00,Hadoop,0.00975,0.9528,0.30175,both,15,1627
15-1252.00,Microsoft Active Directory,0.0,0.9,0.27,onet,0,1627
15-1252.00,Data Analysis,0.04131,0.9889,0.36668,both,66,1627
15-1252.00,ESRI ArcGIS,0.00037,0.9049,0.27203,both,1,1627
15-1252.00,SSIS,0.00857,0.9503,0.29905,both,14,1627
15-1252.00,Node.js,0.08681,0.9999,0.44872,both,152,1627
15-1252.00,Microservices,0.17012,1.0,0.59149,postings,282,1627
15-1252.00,Networking,0.07745,0.9983,0.43196,postings,127,1627
15-1252.00,React Redux,0.0037,0.7778,0.23826,both,6,1627
15-1252.00,REST APIs,0.33621,1.0,0.8761,postings,537,1627
15-1252.00,Informatica,0.0063,0.9393,0.29195,both,10,1627
15-1252.00,Java,0.37972,1.0,0.95065,both,619,1627
15-1252.00,Single sign-on SSO,0.00068,0.7146,0.21522,both,1,1627
15-1252.00,UML,0.00463,0.7989,0.24601,both,8,1627
15-1252.00,Requirements management,0.00244,0.7544,0.22946,both,4,1627
15-1252.00,Problem Solving,0.23146,1.0,0.6966,postings,380,1627
15-1252.00,Alteryx,0.00068,0.9049,0.27251,both,1,1627
15-1252.00,TensorFlow,0.00995,0.9573,0.3035,both,17,1627
15-1252.00,Microsoft Outlook,0.0,0.9,0.27,onet,0,1627
15-1252.00,MuleSoft,0.00235,0.7544,0.22935,both,4,1627
15-1252.00,JavaScript Object Notation JSON,0.0,0.9,0.27,onet,0,1627
15-1252.00,CI/CD,0.2217,1.0,0.67988,postings,360,1627
15-1252.00,MongoDB,0.03756,0.9959,0.36288,both,64,1627
15-1252.00,Xcode,0.00735,0.8434,0.26363,both,13,1627
15-1252.00,Django,0.01729,0.9765,0.32189,both,29,1627
15-1252.00,JUnit,0.02537,0.9865,0.33883,both,40,1627
15-1252.00,TypeScript,0.12722,1.0,0.51799,both,210,1627
15-1252.00,Front-end Development,0.21203,1.0,0.66331,postings,342,1627
15-1252.00,Adobe Acrobat,0.0,0.9,0.27,onet,0,1627
15-1252.00,Airflow,0.00319,0.9221,0.28167,both,5,1627
15-1252.00,IBM WebSphere,0.00118,0.7285,0.22004,both,2,1627
15-1252.00,Eclipse IDE,0.0,0.9,0.27,onet,0,1627
15-1252.00,Microsoft Teams,0.00085,0.9095,0.27418,both,2,1627
15-1252.00,Tableau,0.004,0.9295,0.28524,both,7,1627
15-1252.00,Apache Struts,0.00043,0.7146,0.21491,both,1,1627
15-1252.00,Apache Maven,0.0,0.9,0.27,onet,0,1627
15-1252.00,Forth,0.00336,0.7664,0.23432,both,5,1627
15-1252.00,SSRS,0.00553,0.9362,0.28974,both,9,1627
15-1252.00,VBA,0.00069,0.9049,0.27253,both,1,1627
15-1252.00,Machine Learning,0.09268,0.9994,0.45855,postings,150,1627
15-1252.00,Atlassian Bitbucket,0.00049,0.9049,0.27223,both,1,1627
15-1252.00,Figma,0.00501,0.9362,0.28892,both,9,1627
15-1252.00,Power BI,0.00762,0.9478,0.29671,both,13,1627
15-1252.00,GitHub,0.04844,0.998,0.38222,both,78,1627
15-1252.00,Ruby on Rails,0.00984,0.8718,0.27624,both,17,1627
15-1252.00,ASP,0.00311,0.9221,0.28155,both,5,1627
15-1252.00,MATLAB,0.00482,0.9295,0.28654,both,7,1627
15-1252.00,Kubernetes,0.14672,1.0,0.5514,both,248,1627
15-1252.00,Apache Hive,0.0,0.9,0.27,onet,0,1627
15-1252.00,JMS,0.0115,0.884,0.28261,both,19,1627
15-1252.00,Microsoft Project,0.0,0.9,0.27,onet,0,1627
15-1252.00,Regression testing,0.00556,0.7989,0.24728,both,8,1627
15-1252.00,DevOps,0.14096,1.0,0.54152,postings,227,1627
15-1252.00,IBM Terraform,0.0,0.9,0.27,onet,0,1627
15-1252.00,Relational database management,0.00141,0.7285,0.22033,both,2,1627
15-1252.00,Azure,0.19878,1.0,0.64061,both,331,1627
15-1252.00,Selenium,0.02156,0.9826,0.3311,both,35,1627
15-1252.00,Apple macOS,0.0,0.9,0.27,onet,0,1627
15-1252.00,Kafka,0.07368,0.9998,0.42615,both,122,1627
15-1252.00,Load testing,0.00142,0.7418,0.22434,both,3,1627
15-1252.00,Adobe Creative Cloud,0.0,0.9,0.27,onet,0,1627
15-1252.00,Chef,0.00726,0.9423,0.29442,both,11,1627
15-1252.00,MIS,0.00502,0.7989,0.24655,both,8,1627
15-1252.00,PostgreSQL,0.04537,0.9979,0.37694,both,77,1627
15-1252.00,DDL,0.00068,0.7146,0.21522,both,1,1627
15-1252.00,Spring Boot,0.07111,0.9997,0.42171,both,116,1627
15-1252.00,SAP ERP,0.00072,0.9049,0.27259,both,1,1627
15-1252.00,React,0.1746,1.0,0.59917,both,292,1627
15-1252.00,Gradle,0.01195,0.895,0.28684,both,21,1627
15-1252.00,Ansible,0.0178,0.9765,0.32274,both,29,1627
15-1252.00,Scala,0.03353,0.9955,0.35584,both,62,1627
15-1252.00,Amazon DynamoDB,0.0,0.9,0.27,onet,0,1627
15-1252.00,Scheme,0.0038,0.7778,0.23839,both,6,1627
15-1252.00,Security testing,0.00325,0.7664,0.23418,both,5,1627
15-1252.00,After Effects,0.0,0.9,0.27,onet,0,1627
15-1252.00,PowerPoint,0.00305,0.9259,0.28261,both,6,1627
15-1252.00,Functional testing,0.00867,0.851,0.26794,both,14,1627
15-1252.00,Swift,0.03329,0.9939,0.35487,both,56,1627
15-1252.00,UNIX Shell,0.00145,0.9095,0.27512,both,2,1627
15-1252.00,Apache Cassandra,0.0,0.9,0.27,onet,0,1627
15-1252.00,BGP,0.00167,0.9139,0.2768,both,3,1627
15-1252.00,Android SDK,0.00486,0.933,0.28766,both,8,1627
15-1252.00,AJAX,0.01316,0.965,0.31127,both,21,1627
15-1252.00,Git,0.14459,1.0,0.54775,both,235,1627
15-1252.00,Cloud Computing,0.16563,1.0,0.58381,postings,276,1627
15-1252.00,Software development tools,0.00728,0.8354,0.26103,both,12,1627
15-1252.00,Communication,0.2305,1.0,0.69497,postings,372,1627
15-1252.00,Python,0.34499,1.0,0.89113,both,558,1627
15-1252.00,Microsoft Dynamics,0.00425,0.7886,0.24232,both,7,1627
15-1252.00,Ada,0.01117,0.8718,0.27821,both,17,1627
15-1252.00,C++,0.19685,1.0,0.63731,both,307,1627
15-1252.00,Ext JS,0.00059,0.7146,0.21511,both,1,1627
15-1252.00,Microsoft ASP.NET,0.00197,0.9139,0.27726,both,3,1627
15-1252.00,Red Hat OpenShift,0.00049,0.9049,0.27223,both,1,1627
15-1252.00,Amazon Elastic Compute Cloud EC2,0.0,0.9,0.27,onet,0,1627
15-1252.00,React Native,0.01626,0.9331,0.30591,both,30,1627
15-1252.00,C,0.09133,0.9999,0.45646,both,144,1627
15-1252.00,GitLab,0.02518,0.9878,0.33895,both,42,1627
15-1252.00,Microsoft ASP.NET Core MVC,0.00059,0.7146,0.21511,both,1,1627
15-1252.00,Vue.js,0.00927,0.9551,0.30168,both,16,1627
15-1252.00,iOS SDK,0.00115,0.9095,0.27464,both,2,1627
15-1252.00,Shell script,0.0,0.9,0.27,onet,0,1627
15-1252.00,Test implementation,0.00114,0.7285,0.21999,both,2,1627
15-1252.00,VPN,0.00345,0.7664,0.23443,both,5,1627
15-1252.00,AWS,0.27602,1.0,0.77296,both,461,1627
15-1252.00,CSS,0.08808,0.9999,0.4509,both,147,1627
15-1252.00,Objective C,0.0158,0.9222,0.30164,both,27,1627
15-1252.00,Apache Subversion SVN,0.0,0.9,0.27,onet,0,1627
15-1252.00,Spark,0.02786,0.9895,0.34408,both,45,1627
15-1252.00,Microsoft Word,0.0007,0.9049,0.27256,both,1,1627
15-1252.00,Oracle Cloud,0.00437,0.9295,0.28582,both,7,1627
15-1252.00,RESTful API,0.01838,0.9798,0.32479,both,32,1627
15-1252.00,Prototyping,0.05076,0.9834,0.38057,postings,82,1627
15-1252.00,Back-end Development,0.30414,1.0,0.82115,postings,500,1627
15-1252.00,Oracle PeopleSoft,0.0,0.9,0.27,onet,0,1627
15-1252.00,ABAP,0.00072,0.7146,0.21528,both,1,1627
15-1252.00,Integration testing,0.02477,0.9594,0.32854,both,40,1627
15-1252.00,jQuery,0.02656,0.9878,0.34128,both,42,1627
15-1252.00,PHP,0.02571,0.9889,0.34023,both,44,1627
15-1252.00,ADO.NET,0.00279,0.7544,0.22991,both,4,1627
15-1252.00,Microsoft Access,0.0,0.9,0.27,onet,0,1627
15-1252.00,Software libraries,0.00069,0.7146,0.21524,both,1,1627
15-1252.00,Google Looker Analytics,0.0,0.9,0.27,onet,0,1627
15-1252.00,Patch management,0.0007,0.7146,0.21524,both,1,1627
15-1252.00,RabbitMQ,0.00908,0.8652,0.27302,both,16,1627
15-1252.00,Agile,0.40852,1.0,1.0,postings,677,1627
15-1252.00,Migration,0.01951,0.9394,0.31324,both,32,1627
15-1252.00,SPSS,0.0007,0.9049,0.27254,both,1,1627
15-1252.00,Microservices Architecture,0.01732,0.926,0.30528,both,28,1627
15-1252.00,Oracle DB,0.00358,0.9259,0.28345,both,6,1627
15-1252.00,Workday,0.00662,0.9393,0.29245,both,10,1627
15-1252.00,Cisco Webex,0.0,0.9,0.27,onet,0,1627
15-1252.00,JCL,0.00276,0.7544,0.22989,both,4,1627
15-1252.00,SQL,0.32505,1.0,0.85697,both,524,1627
15-1252.00,Usability testing,0.00112,0.7285,0.21996,both,2,1627
15-1252.00,SAN,0.12111,1.0,0.50752,both,207,1627
15-1252.00,Drupal,0.0007,0.7146,0.21524,both,1,1627
15-1252.00,Web server,0.00279,0.7664,0.23358,both,5,1627
15-1252.00,Trimble SketchUp Pro,0.0,0.9,0.27,onet,0,1627
15-1252.00,Oracle Primavera Enterprise Project Portfolio Management,0.0,0.9,0.27,onet,0,1627
15-1252.00,EAI,0.00043,0.7146,0.21492,both,1,1627
15-1252.00,Web Development,0.17157,1.0,0.59398,postings,281,1627
15-1252.00,Confluence,0.01439,0.9713,0.31535,both,25,1627
15-1252.00,IDE,0.00516,0.818,0.25264,both,10,1627
15-1252.00,C#,0.19094,1.0,0.62717,both,294,1627
15-1252.00,Teradata Database,0.0,0.9,0.27,onet,0,1627
15-1252.00,Jira,0.03505,0.9945,0.35808,both,58,1627
15-1252.00,Google Docs,0.0,0.9,0.27,onet,0,1627
15-1252.00,Hypertext markup language HTML,0.0,0.9,0.27,onet,0,1627
15-1252.00,Go,0.0978,1.0,0.46757,both,166,1627
15-1252.00,Redis,0.02356,0.9858,0.33552,both,39,1627
15-1252.00,ServiceNow,0.00336,0.9295,0.28421,both,7,1627
15-1252.00,Embedded systems development,0.00131,0.7285,0.22021,both,2,1627
15-1252.00,Splunk,0.01515,0.9699,0.31614,both,24,1627
15-1252.00,Spring Framework,0.01428,0.9683,0.3142,both,23,1627
15-1252.00,JavaScript framework,0.00711,0.8269,0.25815,both,11,1627
15-1252.00,IBM DB2,0.00048,0.9049,0.27221,both,1,1627
15-1252.00,System testing,0.00497,0.7989,0.24648,both,8,1627
15-1252.00,Redshift,0.00557,0.933,0.2888,both,8,1627
15-1252.00,LAMP Stack,0.00193,0.7418,0.22499,both,3,1627
15-1252.00,Linux,0.097,1.0,0.4662,both,158,1627
15-1252.00,Firewall,0.00361,0.7778,0.23814,both,6,1627
15-1252.00,Microsoft Visual Basic,0.0,0.9,0.27,onet,0,1627
15-1252.00,Oracle SQL Developer,0.0,0.9,0.27,onet,0,1627
15-1252.00,SharePoint,0.00575,0.9362,0.2901,both,9,1627
15-1252.00,RTOS,0.01036,0.878,0.27899,both,18,1627
15-1252.00,R,0.00372,0.9295,0.28478,both,7,1627
15-1252.00,WordPress,0.00036,0.9049,0.27202,both,1,1627
15-1252.00,Microsoft Windows Server,0.00069,0.9049,0.27253,both,1,1627
15-1252.00,Illustrator,0.0,0.9,0.27,onet,0,1627
15-1252.00,Version Control,0.19932,1.0,0.64154,both,323,1627
15-1252.00,Microsoft Windows,0.00206,0.9139,0.27741,both,3,1627
15-1252.00,SonarQube,0.01196,0.884,0.28331,both,19,1627
15-1252.00,Dynamic analysis,0.00066,0.7146,0.21519,both,1,1627
15-1252.00,Elasticsearch,0.0094,0.9528,0.30117,both,15,1627
15-1252.00,VMware,0.00624,0.8087,0.25126,both,9,1627
15-1252.00,Google Analytics,0.00141,0.9139,0.27639,both,3,1627
15-1252.00,GraphQL,0.02861,0.9905,0.3457,both,47,1627
15-1252.00,Microsoft Visio,0.0,0.9,0.27,onet,0,1627
15-1252.00,Grafana Labs Grafana Cloud,0.0,0.9,0.27,onet,0,1627
15-1252.00,Oracle JDBC,0.00189,0.7418,0.22493,both,3,1627
15-1252.00,Oracle PL/SQL,0.00228,0.9181,0.27903,both,4,1627
15-1252.00,.NET,0.11535,1.0,0.49765,both,183,1627
15-1252.00,Microsoft Power Platform,0.00066,0.9049,0.27248,both,1,1627
15-1252.00,Microsoft Visual Studio,0.00138,0.9095,0.275,both,2,1627
15-1252.00,PyTorch,0.01119,0.9632,0.30743,both,20,1627
15-1252.00,SAP,0.00367,0.9259,0.2836,both,6,1627
15-1252.00,Wireshark,0.0014,0.7285,0.22032,both,2,1627
15-1252.00,Mobile Development,0.1056,0.9998,0.48087,postings,174,1627
15-1252.00,Perl,0.00572,0.9393,0.291,both,10,1627
15-1252.00,InDesign,0.00137,0.9095,0.27499,both,2,1627
15-1252.00,Photoshop,0.0,0.9,0.27,onet,0,1627
15-1252.00,Bash,0.01359,0.9667,0.31252,both,22,1627
15-1252.00,Apache Tomcat,0.00501,0.933,0.2879,both,8,1627
15-1252.00,Test design,0.00215,0.7418,0.22527,both,3,1627
15-1252.00,Google Sheets,0.0,0.9,0.27,onet,0,1627
15-1252.00,Excel,0.01707,0.9777,0.3219,both,30,1627
15-1252.00,PowerShell,0.01121,0.9593,0.30623,both,18,1627
15-1252.00,Puppet,0.00459,0.9295,0.28617,both,7,1627
15-1252.00,Slack,0.00354,0.9259,0.28339,both,6,1627
15-1252.00,Google Cloud,0.04757,0.9957,0.37988,both,85,1627
15-1252.00,Skype,0.00071,0.7146,0.21526,both,1,1627
15-1252.00,Web application,0.04505,0.9918,0.37409,both,72,1627
15-1252.00,Angular,0.12989,1.0,0.52257,both,207,1627
15-1252.00,Oracle Java 2 Platform Enterprise Edition J2EE,0.0,0.9,0.27,onet,0,1627
15-1252.00,Apache Solr,0.00071,0.7146,0.21526,both,1,1627
15-1252.00,Dropbox,0.00137,0.7285,0.22027,both,2,1627
15-1252.00,Ruby,0.02862,0.99,0.34553,both,46,1627
15-1252.00,Bootstrap,0.01621,0.9713,0.31838,both,25,1627
15-1252.00,Encryption,0.00754,0.8434,0.26391,both,13,1627
15-1252.00,Jenkins CI,0.0,0.9,0.27,onet,0,1627
15-1252.00,Optimization,0.09948,0.9996,0.47029,postings,159,1627
15-1252.00,NoSQL,0.11277,1.0,0.49323,both,195,1627
15-1252.00,Prometheus,0.0093,0.9528,0.30102,both,15,1627
15-1252.00,UNIX,0.02325,0.9843,0.33449,both,37,1627
15-1252.00,Microsoft Team Foundation Server,0.00141,0.9095,0.27506,both,2,1627
15-1252.00,Database Design,0.11301,0.9999,0.49359,postings,185,1627
15-1252.00,Docker,0.15934,1.0,0.57303,both,270,1627
15-1252.00,Unit testing,0.07049,0.9989,0.42035,both,113,1627
15-1252.00,Software Testing,0.21442,1.0,0.6674,postings,345,1627
15-1252.00,Jupyter Notebook,0.00069,0.7146,0.21523,both,1,1627
15-1252.00,SQL Server,0.06331,0.9994,0.40822,both,101,1627
15-1252.00,Platform as a service PaaS,0.00065,0.7146,0.21519,both,1,1627
15-1252.00,LexisNexis,0.00174,0.7418,0.22475,both,3,1627
15-1252.00,Zoom,0.00407,0.9295,0.28533,both,7,1627
15-1252.00,Microsoft Power Automate,0.0,0.9,0.27,onet,0,1627
15-1252.00,Static analysis,0.00134,0.7285,0.22023,both,2,1627
15-1253.00,Hibernate ORM,0.0,0.9,0.27,onet,0,388
15-1253.00,Extensible markup language XML,0.0,0.9,0.27,onet,0,388
15-1253.00,Transact-SQL,0.0,0.9,0.27,onet,0,388
15-1253.00,Epic Systems,0.0,0.9,0.27,onet,0,388
15-1253.00,Leadership,0.17357,0.9683,0.56817,postings,69,388
15-1253.00,AWK,0.01403,0.7664,0.24767,both,5,388
15-1253.00,MySQL,0.00536,0.9095,0.28091,both,2,388
15-1253.00,SAS,0.0,0.9,0.27,onet,0,388
15-1253.00,Oracle Fusion Middleware,0.00301,0.7146,0.21795,both,1,388
15-1253.00,JavaScript,0.0606,0.9667,0.38681,both,22,388
15-1253.00,Salesforce,0.0244,0.9393,0.31968,both,10,388
15-1253.00,Apache JMeter,0.0,0.9,0.27,onet,0,388
15-1253.00,Amazon Web Services AWS CloudFormation,0.0,0.9,0.27,onet,0,388
15-1253.00,CICS,0.00294,0.7146,0.21786,both,1,388
15-1253.00,Hadoop,0.00277,0.9049,0.2756,both,1,388
15-1253.00,SCADA,0.00205,0.7146,0.21681,both,1,388
15-1253.00,National Instruments LabVIEW,0.00401,0.7285,0.22339,both,2,388
15-1253.00,SSIS,0.00893,0.9181,0.28898,both,4,388
15-1253.00,Data Analysis,0.07552,0.9363,0.39774,both,31,388
15-1253.00,ESRI ArcGIS,0.0,0.9,0.27,onet,0,388
15-1253.00,Node.js,0.0039,0.9095,0.27871,both,2,388
15-1253.00,Networking,0.07705,0.7769,0.33197,postings,30,388
15-1253.00,REST APIs,0.18892,0.974,0.59626,postings,73,388
15-1253.00,Java,0.14215,0.9936,0.53147,both,55,388
15-1253.00,Defect tracking,0.02095,0.7989,0.26733,both,8,388
15-1253.00,Problem Solving,0.24546,0.9904,0.69884,postings,93,388
15-1253.00,Microsoft Outlook,0.0,0.9,0.27,onet,0,388
15-1253.00,JavaScript Object Notation JSON,0.0,0.9,0.27,onet,0,388
15-1253.00,CI/CD,0.0942,0.8504,0.38751,postings,38,388
15-1253.00,MongoDB,0.0,0.9,0.27,onet,0,388
15-1253.00,Django,0.0,0.9,0.27,onet,0,388
15-1253.00,JUnit,0.01191,0.9221,0.29478,both,5,388
15-1253.00,Adobe Acrobat,0.0,0.9,0.27,onet,0,388
15-1253.00,Eclipse IDE,0.0,0.9,0.27,onet,0,388
15-1253.00,Microsoft Teams,0.0,0.9,0.27,onet,0,388
15-1253.00,Tableau,0.01066,0.9181,0.2916,both,4,388
15-1253.00,Apache Maven,0.0,0.9,0.27,onet,0,388
15-1253.00,SSRS,0.00207,0.9049,0.27456,both,1,388
15-1253.00,VBA,0.00601,0.9095,0.28188,both,2,388
15-1253.00,Atlassian Bitbucket,0.0,0.9,0.27,onet,0,388
15-1253.00,GitHub,0.01228,0.9221,0.29534,both,5,388
15-1253.00,Ruby on Rails,0.00289,0.7146,0.21781,both,1,388
15-1253.00,ASP,0.0,0.9,0.27,onet,0,388
15-1253.00,MATLAB,0.0297,0.9451,0.32992,both,12,388
15-1253.00,Apache Hive,0.0,0.9,0.27,onet,0,388
15-1253.00,Microsoft Project,0.0029,0.9049,0.2758,both,1,388
15-1253.00,Regression testing,0.07373,0.9296,0.39215,both,29,388
15-1253.00,DevOps,0.04818,0.6321,0.23996,postings,20,388
15-1253.00,Azure,0.04821,0.9593,0.36423,both,18,388
15-1253.00,Selenium,0.15417,0.995,0.55199,both,60,388
15-1253.00,Apple macOS,0.0,0.9,0.27,onet,0,388
15-1253.00,Kafka,0.00494,0.9095,0.28028,both,2,388
15-1253.00,Load testing,0.0111,0.7544,0.24015,both,4,388
15-1253.00,Adobe Creative Cloud,0.0,0.9,0.27,onet,0,388
15-1253.00,Chef,0.00208,0.9049,0.27457,both,1,388
15-1253.00,PostgreSQL,0.0058,0.9095,0.28157,both,2,388
15-1253.00,Spring Boot,0.00286,0.9049,0.27574,both,1,388
15-1253.00,React,0.00984,0.9181,0.29036,both,4,388
15-1253.00,Ansible,0.01244,0.9259,0.29681,both,6,388
15-1253.00,Scala,0.00749,0.9139,0.28549,both,3,388
15-1253.00,Amazon DynamoDB,0.0,0.9,0.27,onet,0,388
15-1253.00,Security testing,0.0091,0.7544,0.23765,both,4,388
15-1253.00,After Effects,0.0,0.9,0.27,onet,0,388
15-1253.00,PowerPoint,0.03391,0.9503,0.33835,both,14,388
15-1253.00,Functional testing,0.06956,0.9222,0.38266,both,27,388
15-1253.00,Bugzilla,0.00583,0.7285,0.22558,both,2,388
15-1253.00,Swift,0.0029,0.9049,0.2758,both,1,388
15-1253.00,UNIX Shell,0.02148,0.933,0.313,both,8,388
15-1253.00,Apache Cassandra,0.0,0.9,0.27,onet,0,388
15-1253.00,Android SDK,0.0,0.9,0.27,onet,0,388
15-1253.00,AJAX,0.00293,0.9049,0.27585,both,1,388
15-1253.00,Git,0.04578,0.9593,0.36037,both,18,388
15-1253.00,Communication,0.39241,0.9995,0.94796,postings,154,388
15-1253.00,Python,0.17236,0.9961,0.58253,both,65,388
15-1253.00,Autodesk AutoCAD,0.0,0.9,0.27,onet,0,388
15-1253.00,Ada,0.01472,0.7778,0.25224,both,6,388
15-1253.00,C++,0.0346,0.9478,0.33852,both,13,388
15-1253.00,GIS,0.01059,0.7544,0.23952,both,4,388
15-1253.00,IBM Rational ClearQuest,0.00287,0.7146,0.21778,both,1,388
15-1253.00,Microsoft ASP.NET,0.0,0.9,0.27,onet,0,388
15-1253.00,Red Hat OpenShift,0.0,0.9,0.27,onet,0,388
15-1253.00,Amazon Elastic Compute Cloud EC2,0.0,0.9,0.27,onet,0,388
15-1253.00,Workflow,0.02544,0.8087,0.27661,both,9,388
15-1253.00,REST Assured,0.01875,0.9295,0.30765,both,7,388
15-1253.00,C,0.03789,0.9528,0.34548,both,15,388
15-1253.00,GitLab,0.02274,0.9362,0.31605,both,9,388
15-1253.00,Shell script,0.0,0.9,0.27,onet,0,388
15-1253.00,VPN,0.00152,0.7146,0.21619,both,1,388
15-1253.00,AWS,0.04812,0.9632,0.36556,both,20,388
15-1253.00,CSS,0.01467,0.9221,0.29899,both,5,388
15-1253.00,Apache Subversion SVN,0.0,0.9,0.27,onet,0,388
15-1253.00,Spark,0.00957,0.9181,0.28995,both,4,388
15-1253.00,Appium,0.03645,0.9528,0.34321,both,15,388
15-1253.00,Microsoft Word,0.00591,0.9095,0.28174,both,2,388
15-1253.00,RESTful API,0.00706,0.9139,0.28484,both,3,388
15-1253.00,Prototyping,0.0569,0.6671,0.26287,postings,22,388
15-1253.00,Back-end Development,0.07009,0.7534,0.31328,postings,28,388
15-1253.00,Mozilla Firefox,0.0,0.9,0.27,onet,0,388
15-1253.00,Oracle PeopleSoft,0.0,0.9,0.27,onet,0,388
15-1253.00,Watir,0.00259,0.7146,0.21745,both,1,388
15-1253.00,Integration testing,0.06194,0.914,0.36776,both,25,388
15-1253.00,jQuery,0.00574,0.9095,0.28147,both,2,388
15-1253.00,PHP,0.00249,0.9049,0.27519,both,1,388
15-1253.00,Microsoft Access,0.0,0.9,0.27,onet,0,388
15-1253.00,Apple Safari,0.0,0.9,0.27,onet,0,388
15-1253.00,Cisco IOS,0.01403,0.7664,0.24767,both,5,388
15-1253.00,Agile,0.28149,0.9961,0.76215,postings,111,388
15-1253.00,Migration,0.01498,0.7778,0.25258,both,6,388
15-1253.00,SPSS,0.0,0.9,0.27,onet,0,388
15-1253.00,Oracle DB,0.00306,0.9049,0.27603,both,1,388
15-1253.00,Cisco Webex,0.0,0.9,0.27,onet,0,388
15-1253.00,JCL,0.01185,0.7544,0.24109,both,4,388
15-1253.00,SQL,0.14537,0.9948,0.53737,both,59,388
15-1253.00,Usability testing,0.00454,0.7285,0.22403,both,2,388
15-1253.00,SAN,0.04319,0.8718,0.32374,both,17,388
15-1253.00,Trimble SketchUp Pro,0.0,0.9,0.27,onet,0,388
15-1253.00,Oracle Primavera Enterprise Project Portfolio Management,0.0,0.9,0.27,onet,0,388
15-1253.00,Confluence,0.04228,0.9573,0.35406,both,17,388
15-1253.00,IDE,0.00307,0.7285,0.22226,both,2,388
15-1253.00,C#,0.04646,0.9573,0.36067,both,17,388
15-1253.00,Teradata Database,0.0,0.9,0.27,onet,0,388
15-1253.00,Jira,0.13973,0.9933,0.52732,both,54,388
15-1253.00,Google Docs,0.0,0.9,0.27,onet,0,388
15-1253.00,Hypertext markup language HTML,0.0,0.9,0.27,onet,0,388
15-1253.00,Go,0.00293,0.9049,0.27584,both,1,388
15-1253.00,Splunk,0.01079,0.9181,0.29181,both,4,388
15-1253.00,IBM DB2,0.0,0.9,0.27,onet,0,388
15-1253.00,Spring Framework,0.0,0.9,0.27,onet,0,388
15-1253.00,System testing,0.02875,0.8354,0.2903,both,12,388
15-1253.00,Redshift,0.0,0.9,0.27,onet,0,388
15-1253.00,Linux,0.08448,0.9788,0.43027,both,31,388
15-1253.00,TestNG,0.0223,0.933,0.31427,both,8,388
15-1253.00,Microsoft Visual Basic,0.0,0.9,0.27,onet,0,388
15-1253.00,SharePoint,0.01374,0.9221,0.29757,both,5,388
15-1253.00,RTOS,0.00182,0.7146,0.21654,both,1,388
15-1253.00,R,0.0,0.9,0.27,onet,0,388
15-1253.00,Microsoft Playwright,0.0,0.9,0.27,onet,0,388
15-1253.00,Project Management,0.05898,0.6671,0.26515,postings,22,388
15-1253.00,Microsoft Windows Server,0.0,0.9,0.27,onet,0,388
15-1253.00,Illustrator,0.0,0.9,0.27,onet,0,388
15-1253.00,Version Control,0.06649,0.9222,0.37799,both,27,388
15-1253.00,Microsoft Windows,0.0,0.9,0.27,onet,0,388
15-1253.00,Bentley MicroStation,0.0,0.9,0.27,onet,0,388
15-1253.00,Elasticsearch,0.00179,0.9049,0.27415,both,1,388
15-1253.00,VMware,0.00458,0.7285,0.22407,both,2,388
15-1253.00,Google Analytics,0.0,0.9,0.27,onet,0,388
15-1253.00,Microsoft Visio,0.0,0.9,0.27,onet,0,388
15-1253.00,Oracle PL/SQL,0.0,0.9,0.27,onet,0,388
15-1253.00,.NET,0.01578,0.9259,0.30192,both,6,388
15-1253.00,SAP,0.00761,0.9181,0.28699,both,4,388
15-1253.00,Microsoft Visual Studio,0.0,0.9,0.27,onet,0,388
15-1253.00,Wireshark,0.00646,0.7418,0.23046,both,3,388
15-1253.00,Mobile Development,0.09108,0.8173,0.3682,postings,34,388
15-1253.00,Perl,0.00905,0.9139,0.28784,both,3,388
15-1253.00,InDesign,0.0,0.9,0.27,onet,0,388
15-1253.00,Photoshop,0.0,0.9,0.27,onet,0,388
15-1253.00,Bash,0.02244,0.933,0.31449,both,8,388
15-1253.00,Apache Tomcat,0.0,0.9,0.27,onet,0,388
15-1253.00,Test design,0.02031,0.8087,0.26975,both,9,388
15-1253.00,Google Sheets,0.0,0.9,0.27,onet,0,388
15-1253.00,Excel,0.08791,0.9826,0.43752,both,35,388
15-1253.00,PowerShell,0.00305,0.9049,0.27602,both,1,388
15-1253.00,Puppet,0.00208,0.9049,0.27457,both,1,388
15-1253.00,Slack,0.0,0.9,0.27,onet,0,388
15-1253.00,Skype,0.00204,0.7146,0.2168,both,1,388
15-1253.00,Web application,0.00181,0.7146,0.21652,both,1,388
15-1253.00,Angular,0.0102,0.9181,0.29092,both,4,388
15-1253.00,Oracle Java 2 Platform Enterprise Edition J2EE,0.0,0.9,0.27,onet,0,388
15-1253.00,Ruby,0.01818,0.9295,0.30679,both,7,388
15-1253.00,Jenkins CI,0.0,0.9,0.27,onet,0,388
15-1253.00,Postman,0.03579,0.9503,0.3413,both,14,388
15-1253.00,Document management system,0.00306,0.7146,0.21801,both,1,388
15-1253.00,NoSQL,0.00152,0.9049,0.27374,both,1,388
15-1253.00,UNIX,0.04385,0.9551,0.35573,both,16,388
15-1253.00,Microsoft Team Foundation Server,0.0,0.9,0.27,onet,0,388
15-1253.00,Docker,0.02181,0.9362,0.31461,both,9,388
15-1253.00,Unit testing,0.00748,0.7544,0.23564,both,4,388
15-1253.00,Stress testing,0.02386,0.8087,0.27449,both,9,388
15-1253.00,Software Testing,0.42364,0.9997,0.99973,postings,164,388
15-1253.00,SQL Server,0.02039,0.9362,0.31242,both,9,388
15-1253.00,Zoom,0.0,0.9,0.27,onet,0,388
15-1253.00,Microsoft Azure DevOps Services,0.0,0.9,0.27,onet,0,388
15-1254.00,Shell script,0.0,0.9,0.27,onet,0,180
15-1254.00,Hibernate ORM,0.0,0.9,0.27,onet,0,180
15-1254.00,AWS,0.09261,0.9593,0.37743,both,18,180
15-1254.00,CSS,0.21767,0.9871,0.5129,both,41,180
15-1254.00,RESTful API,0.00329,0.9049,0.27447,both,1,180
15-1254.00,Apache Subversion SVN,0.0,0.9,0.27,onet,0,180
15-1254.00,Spark,0.0,0.9,0.27,onet,0,180
15-1254.00,Extensible markup language XML,0.0,0.9,0.27,onet,0,180
15-1254.00,Transact-SQL,0.00604,0.9049,0.27698,both,1,180
15-1254.00,Leadership,0.07859,0.5726,0.21717,postings,17,180
15-1254.00,Epic Systems,0.0,0.9,0.27,onet,0,180
15-1254.00,UX Research,0.05986,0.4231,0.15246,postings,11,180
15-1254.00,Back-end Development,0.21217,0.8577,0.4409,postings,39,180
15-1254.00,MySQL,0.03115,0.9221,0.30562,both,5,180
15-1254.00,SAS,0.0,0.9,0.27,onet,0,180
15-1254.00,ABAP,0.00339,0.7146,0.21684,both,1,180
15-1254.00,jQuery,0.05137,0.9423,0.33152,both,11,180
15-1254.00,Google Meet,0.00541,0.7146,0.21829,both,1,180
15-1254.00,Marketo Marketing Automation,0.0,0.9,0.27,onet,0,180
15-1254.00,PHP,0.05564,0.9393,0.33453,both,10,180
15-1254.00,Microsoft Access,0.0,0.9,0.27,onet,0,180
15-1254.00,JavaScript,0.64269,0.9996,0.948,both,112,180
15-1254.00,Salesforce,0.0,0.9,0.27,onet,0,180
15-1254.00,Amazon Web Services AWS CloudFormation,0.0,0.9,0.27,onet,0,180
15-1254.00,webpack,0.05366,0.818,0.28969,both,10,180
15-1254.00,Hadoop,0.00871,0.9095,0.28084,both,2,180
15-1254.00,Agile,0.17595,0.8347,0.39857,postings,36,180
15-1254.00,SSIS,0.0,0.9,0.27,onet,0,180
15-1254.00,ESRI ArcGIS,0.0,0.9,0.27,onet,0,180
15-1254.00,SPSS,0.0,0.9,0.27,onet,0,180
15-1254.00,Microservices Architecture,0.0066,0.7146,0.21915,both,1,180
15-1254.00,Node.js,0.09148,0.9593,0.37634,both,18,180
15-1254.00,Oracle DB,0.0,0.9,0.27,onet,0,180
15-1254.00,React Redux,0.02858,0.7664,0.25201,both,5,180
15-1254.00,Cisco Webex,0.0,0.9,0.27,onet,0,180
15-1254.00,SQL,0.44174,0.9973,0.74359,both,72,180
15-1254.00,Java,0.09827,0.9613,0.3837,both,19,180
15-1254.00,REST APIs,0.1847,0.8428,0.40986,postings,37,180
15-1254.00,Drupal,0.01288,0.7285,0.22803,both,2,180
15-1254.00,Trimble SketchUp Pro,0.0,0.9,0.27,onet,0,180
15-1254.00,Web Development,0.30016,0.9392,0.56614,postings,56,180
15-1254.00,HubSpot,0.0,0.9,0.27,onet,0,180
15-1254.00,Problem Solving,0.20279,0.8577,0.43278,postings,39,180
15-1254.00,Confluence,0.00441,0.9049,0.27549,both,1,180
15-1254.00,C#,0.40598,0.9963,0.70694,both,66,180
15-1254.00,Vue.js,0.03227,0.9259,0.30791,both,6,180
15-1254.00,Teradata Database,0.0,0.9,0.27,onet,0,180
15-1254.00,Jira,0.03226,0.9295,0.30911,both,7,180
15-1254.00,Google Docs,0.0,0.9,0.27,onet,0,180
15-1254.00,Hypertext markup language HTML,0.0,0.9,0.27,onet,0,180
15-1254.00,Go,0.0033,0.9049,0.27447,both,1,180
15-1254.00,Redis,0.01646,0.9139,0.28936,both,3,180
15-1254.00,JavaScript Object Notation JSON,0.0,0.9,0.27,onet,0,180
15-1254.00,CI/CD,0.14018,0.7769,0.34292,postings,30,180
15-1254.00,MongoDB,0.00635,0.9049,0.27726,both,1,180
15-1254.00,Django,0.01585,0.9139,0.28879,both,3,180
15-1254.00,JUnit,0.00619,0.9049,0.27711,both,1,180
15-1254.00,Splunk,0.0,0.9,0.27,onet,0,180
15-1254.00,TypeScript,0.1418,0.9741,0.43156,both,27,180
15-1254.00,Spring Framework,0.00441,0.9049,0.27549,both,1,180
15-1254.00,JavaScript framework,0.00332,0.9049,0.27449,both,1,180
15-1254.00,Front-end Development,0.69389,0.9983,0.99834,postings,128,180
15-1254.00,Adobe Acrobat,0.0,0.9,0.27,onet,0,180
15-1254.00,Redshift,0.00601,0.9049,0.27695,both,1,180
15-1254.00,Chatbot,0.18115,0.7654,0.36951,postings,29,180
15-1254.00,Linux,0.02641,0.9295,0.30363,both,7,180
15-1254.00,Microsoft Visual Basic,0.0,0.9,0.27,onet,0,180
15-1254.00,Jest,0.07487,0.8583,0.32231,both,15,180
15-1254.00,Eclipse IDE,0.0,0.9,0.27,onet,0,180
15-1254.00,Tableau,0.0,0.9,0.27,onet,0,180
15-1254.00,SharePoint,0.0,0.9,0.27,onet,0,180
15-1254.00,Apache Maven,0.0,0.9,0.27,onet,0,180
15-1254.00,KornShell,0.00601,0.7146,0.21872,both,1,180
15-1254.00,R,0.0,0.9,0.27,onet,0,180
15-1254.00,WordPress,0.05437,0.9423,0.33437,both,11,180
15-1254.00,Microsoft Windows Server,0.0,0.9,0.27,onet,0,180
15-1254.00,SSRS,0.0,0.9,0.27,onet,0,180
15-1254.00,Illustrator,0.0062,0.9049,0.27712,both,1,180
15-1254.00,VBA,0.0,0.9,0.27,onet,0,180
15-1254.00,Microsoft Windows,0.0,0.9,0.27,onet,0,180
15-1254.00,Version Control,0.15961,0.7878,0.36316,postings,31,180
15-1254.00,Atlassian Bitbucket,0.0,0.9,0.27,onet,0,180
15-1254.00,Figma,0.03452,0.9259,0.31002,both,6,180
15-1254.00,GitHub,0.0345,0.9362,0.31345,both,9,180
15-1254.00,Ruby on Rails,0.0168,0.7418,0.23511,both,3,180
15-1254.00,ASP,0.0,0.9,0.27,onet,0,180
15-1254.00,MATLAB,0.0,0.9,0.27,onet,0,180
15-1254.00,CMS,0.02914,0.7778,0.25619,both,6,180
15-1254.00,SASS,0.01932,0.7544,0.24102,both,4,180
15-1254.00,Kubernetes,0.04849,0.9451,0.32977,both,12,180
15-1254.00,Elasticsearch,0.0,0.9,0.27,onet,0,180
15-1254.00,Apache Hive,0.0,0.9,0.27,onet,0,180
15-1254.00,Google Analytics,0.01101,0.9095,0.28296,both,2,180
15-1254.00,GraphQL,0.01071,0.9095,0.28268,both,2,180
15-1254.00,Microsoft Project,0.0,0.9,0.27,onet,0,180
15-1254.00,DevOps,0.07452,0.5507,0.2066,postings,16,180
15-1254.00,Microsoft Visio,0.0,0.9,0.27,onet,0,180
15-1254.00,Azure,0.05114,0.9393,0.33026,both,10,180
15-1254.00,Selenium,0.0,0.9,0.27,onet,0,180
15-1254.00,Apple macOS,0.0,0.9,0.27,onet,0,180
15-1254.00,Kafka,0.01272,0.9095,0.28453,both,2,180
15-1254.00,Oracle PL/SQL,0.00604,0.9049,0.27698,both,1,180
15-1254.00,Adobe Creative Cloud,0.0,0.9,0.27,onet,0,180
15-1254.00,Chef,0.0,0.9,0.27,onet,0,180
15-1254.00,PostgreSQL,0.0185,0.9139,0.29123,both,3,180
15-1254.00,.NET,0.04364,0.9295,0.31978,both,7,180
15-1254.00,Spring Boot,0.0122,0.9095,0.28405,both,2,180
15-1254.00,SAP,0.00441,0.9049,0.27549,both,1,180
15-1254.00,Microsoft Visual Studio,0.0,0.9,0.27,onet,0,180
15-1254.00,React,0.32927,0.9953,0.62917,both,61,180
15-1254.00,Perl,0.0,0.9,0.27,onet,0,180
15-1254.00,InDesign,0.0062,0.9049,0.27712,both,1,180
15-1254.00,Ansible,0.0,0.9,0.27,onet,0,180
15-1254.00,Scala,0.0,0.9,0.27,onet,0,180
15-1254.00,Photoshop,0.0062,0.9049,0.27712,both,1,180
15-1254.00,Amazon DynamoDB,0.0,0.9,0.27,onet,0,180
15-1254.00,Apache Tomcat,0.0,0.9,0.27,onet,0,180
15-1254.00,Bash,0.0,0.9,0.27,onet,0,180
15-1254.00,Excel,0.03126,0.9221,0.30571,both,5,180
15-1254.00,PowerShell,0.0,0.9,0.27,onet,0,180
15-1254.00,Puppet,0.0,0.9,0.27,onet,0,180
15-1254.00,Slack,0.01899,0.9181,0.29303,both,4,180
15-1254.00,After Effects,0.0,0.9,0.27,onet,0,180
15-1254.00,Google Cloud,0.01697,0.7418,0.23523,both,3,180
15-1254.00,Swift,0.0,0.9,0.27,onet,0,180
15-1254.00,UNIX Shell,0.0,0.9,0.27,onet,0,180
15-1254.00,Web application,0.09134,0.9613,0.37698,both,19,180
15-1254.00,Apache Cassandra,0.0,0.9,0.27,onet,0,180
15-1254.00,Angular,0.16356,0.9765,0.45409,both,29,180
15-1254.00,Oracle Java 2 Platform Enterprise Edition J2EE,0.0,0.9,0.27,onet,0,180
15-1254.00,Android SDK,0.0,0.9,0.27,onet,0,180
15-1254.00,AJAX,0.04435,0.9393,0.32383,both,10,180
15-1254.00,Git,0.11184,0.9667,0.39908,both,22,180
15-1254.00,Cloud Computing,0.04751,0.3935,0.1369,postings,10,180
15-1254.00,Ruby,0.02549,0.9221,0.30035,both,5,180
15-1254.00,Bootstrap,0.04591,0.933,0.3231,both,8,180
15-1254.00,Python,0.41734,0.9967,0.71861,both,68,180
15-1254.00,Communication,0.17758,0.8347,0.39994,postings,36,180
15-1254.00,Jenkins CI,0.0,0.9,0.27,onet,0,180
15-1254.00,Optimization,0.10362,0.6133,0.24808,postings,19,180
15-1254.00,NoSQL,0.01687,0.9139,0.28973,both,3,180
15-1254.00,UNIX,0.00601,0.9049,0.27695,both,1,180
15-1254.00,C++,0.35599,0.9942,0.65532,both,57,180
15-1254.00,Docker,0.05319,0.9478,0.3352,both,13,180
15-1254.00,Software Testing,0.07056,0.5276,0.19585,postings,15,180
15-1254.00,Microsoft ASP.NET,0.0,0.9,0.27,onet,0,180
15-1254.00,SQL Server,0.0126,0.9095,0.28441,both,2,180
15-1254.00,Red Hat OpenShift,0.0,0.9,0.27,onet,0,180
15-1254.00,Amazon Elastic Compute Cloud EC2,0.00332,0.9049,0.27449,both,1,180
15-1254.00,C,0.0,0.9,0.27,onet,0,180
15-1255.00,Data Visualization,0.09956,0.6501,0.26352,postings,21,220
15-1255.00,iOS SDK,0.0,0.9,0.27,onet,0,220
15-1255.00,Shell script,0.0,0.9,0.27,onet,0,220
15-1255.00,Hibernate ORM,0.0,0.9,0.27,onet,0,220
15-1255.00,AWS,0.0,0.9,0.27,onet,0,220
15-1255.00,CSS,0.11627,0.9753,0.41264,both,28,220
15-1255.00,Objective C,0.00362,0.7146,0.21712,both,1,220
15-1255.00,Prototyping,0.59633,0.9987,0.92999,postings,133,220
15-1255.00,Apache Subversion SVN,0.0,0.9,0.27,onet,0,220
15-1255.00,Spark,0.0,0.9,0.27,onet,0,220
15-1255.00,Extensible markup language XML,0.0,0.9,0.27,onet,0,220
15-1255.00,Transact-SQL,0.0,0.9,0.27,onet,0,220
15-1255.00,Leadership,0.19406,0.8775,0.44352,postings,42,220
15-1255.00,UX Research,0.66133,0.9993,0.99932,postings,146,220
15-1255.00,Oracle PeopleSoft,0.0,0.9,0.27,onet,0,220
15-1255.00,MySQL,0.0,0.9,0.27,onet,0,220
15-1255.00,SAS,0.0,0.9,0.27,onet,0,220
15-1255.00,jQuery,0.01163,0.9139,0.28542,both,3,220
15-1255.00,Google Meet,0.00492,0.7146,0.21811,both,1,220
15-1255.00,PHP,0.00818,0.9095,0.28073,both,2,220
15-1255.00,Microsoft Access,0.0,0.9,0.27,onet,0,220
15-1255.00,JavaScript,0.1001,0.9699,0.39372,both,24,220
15-1255.00,Salesforce,0.02613,0.9259,0.30339,both,6,220
15-1255.00,Amazon Web Services AWS CloudFormation,0.0,0.9,0.27,onet,0,220
15-1255.00,Hadoop,0.0,0.9,0.27,onet,0,220
15-1255.00,Agile,0.32103,0.9698,0.62048,postings,70,220
15-1255.00,SSIS,0.0,0.9,0.27,onet,0,220
15-1255.00,SPSS,0.00971,0.9095,0.28221,both,2,220
15-1255.00,Node.js,0.00983,0.9095,0.28231,both,2,220
15-1255.00,Oracle DB,0.0,0.9,0.27,onet,0,220
15-1255.00,Cisco Webex,0.0,0.9,0.27,onet,0,220
15-1255.00,SQL,0.01904,0.9181,0.29394,both,4,220
15-1255.00,Java,0.00786,0.9095,0.28042,both,2,220
15-1255.00,Usability testing,0.18319,0.8647,0.42706,postings,40,220
15-1255.00,SAN,0.11823,0.7275,0.30928,postings,26,220
15-1255.00,Drupal,0.00542,0.7146,0.21849,both,1,220
15-1255.00,Trimble SketchUp Pro,0.0,0.9,0.27,onet,0,220
15-1255.00,Oracle Primavera Enterprise Project Portfolio Management,0.0,0.9,0.27,onet,0,220
15-1255.00,Web Development,0.05794,0.5034,0.1819,postings,14,220
15-1255.00,HubSpot,0.00539,0.9049,0.27662,both,1,220
15-1255.00,Problem Solving,0.15546,0.8347,0.38776,postings,36,220
15-1255.00,Confluence,0.01934,0.9181,0.29423,both,4,220
15-1255.00,C#,0.0,0.9,0.27,onet,0,220
15-1255.00,Vue.js,0.00361,0.9049,0.27492,both,1,220
15-1255.00,Teradata Database,0.0,0.9,0.27,onet,0,220
15-1255.00,Jira,0.05377,0.9423,0.33632,both,11,220
15-1255.00,Google Docs,0.0,0.9,0.27,onet,0,220
15-1255.00,Hypertext markup language HTML,0.0,0.9,0.27,onet,0,220
15-1255.00,Go,0.0,0.9,0.27,onet,0,220
15-1255.00,JavaScript Object Notation JSON,0.0,0.9,0.27,onet,0,220
15-1255.00,MongoDB,0.0,0.9,0.27,onet,0,220
15-1255.00,UserZoom,0.0147,0.7418,0.23408,both,3,220
15-1255.00,Django,0.0,0.9,0.27,onet,0,220
15-1255.00,JUnit,0.0,0.9,0.27,onet,0,220
15-1255.00,Splunk,0.0,0.9,0.27,onet,0,220
15-1255.00,TypeScript,0.00983,0.9095,0.28231,both,2,220
15-1255.00,Spring Framework,0.0,0.9,0.27,onet,0,220
15-1255.00,Front-end Development,0.09178,0.6671,0.26495,postings,22,220
15-1255.00,Adobe Acrobat,0.0,0.9,0.27,onet,0,220
15-1255.00,Redshift,0.0,0.9,0.27,onet,0,220
15-1255.00,Linux,0.00984,0.9095,0.28233,both,2,220
15-1255.00,Microsoft Visual Basic,0.0,0.9,0.27,onet,0,220
15-1255.00,Eclipse IDE,0.0,0.9,0.27,onet,0,220
15-1255.00,Tableau,0.0,0.9,0.27,onet,0,220
15-1255.00,SharePoint,0.0,0.9,0.27,onet,0,220
15-1255.00,Apache Maven,0.0,0.9,0.27,onet,0,220
15-1255.00,R,0.01913,0.9181,0.29403,both,4,220
15-1255.00,Project Management,0.07355,0.5726,0.21635,postings,17,220
15-1255.00,Microsoft Windows Server,0.00542,0.9049,0.27665,both,1,220
15-1255.00,SSRS,0.0,0.9,0.27,onet,0,220
15-1255.00,Illustrator,0.07052,0.9573,0.35863,both,17,220
15-1255.00,VBA,0.0,0.9,0.27,onet,0,220
15-1255.00,Microsoft Windows,0.01084,0.9095,0.28329,both,2,220
15-1255.00,Figma,0.48519,0.9995,0.81319,both,108,220
15-1255.00,Adobe Analytics,0.05261,0.4512,0.16048,postings,12,220
15-1255.00,GitHub,0.00492,0.9049,0.27618,both,1,220
15-1255.00,ASP,0.0,0.9,0.27,onet,0,220
15-1255.00,MATLAB,0.01027,0.9095,0.28275,both,2,220
15-1255.00,Elasticsearch,0.0,0.9,0.27,onet,0,220
15-1255.00,Apache Hive,0.0,0.9,0.27,onet,0,220
15-1255.00,Google Analytics,0.0,0.9,0.27,onet,0,220
15-1255.00,Microsoft Project,0.0,0.9,0.27,onet,0,220
15-1255.00,Microsoft Visio,0.0,0.9,0.27,onet,0,220
15-1255.00,Azure,0.01359,0.9139,0.28733,both,3,220
15-1255.00,Selenium,0.0,0.9,0.27,onet,0,220
15-1255.00,Apple macOS,0.0,0.9,0.27,onet,0,220
15-1255.00,Kafka,0.0,0.9,0.27,onet,0,220
15-1255.00,Oracle PL/SQL,0.0,0.9,0.27,onet,0,220
15-1255.00,Adobe Creative Cloud,0.03026,0.9259,0.30743,both,6,220
15-1255.00,Chef,0.0,0.9,0.27,onet,0,220
15-1255.00,PostgreSQL,0.0,0.9,0.27,onet,0,220
15-1255.00,.NET,0.00275,0.9049,0.27409,both,1,220
15-1255.00,Spring Boot,0.0,0.9,0.27,onet,0,220
15-1255.00,SAP,0.0,0.9,0.27,onet,0,220
15-1255.00,Microsoft Visual Studio,0.0,0.9,0.27,onet,0,220
15-1255.00,Mobile Development,0.20608,0.8997,0.46618,postings,46,220
15-1255.00,React,0.04511,0.9423,0.32768,both,11,220
15-1255.00,Interaction Design,0.23436,0.9257,0.50736,postings,52,220
15-1255.00,Perl,0.0,0.9,0.27,onet,0,220
15-1255.00,InDesign,0.03469,0.9295,0.31299,both,7,220
15-1255.00,Ansible,0.0,0.9,0.27,onet,0,220
15-1255.00,Scala,0.0,0.9,0.27,onet,0,220
15-1255.00,Photoshop,0.06261,0.9528,0.34897,both,15,220
15-1255.00,Amazon DynamoDB,0.0,0.9,0.27,onet,0,220
15-1255.00,Apache Tomcat,0.0,0.9,0.27,onet,0,220
15-1255.00,Bash,0.0,0.9,0.27,onet,0,220
15-1255.00,Excel,0.04333,0.9393,0.32489,both,10,220
15-1255.00,PowerShell,0.00542,0.9049,0.27665,both,1,220
15-1255.00,Puppet,0.0,0.9,0.27,onet,0,220
15-1255.00,Slack,0.00492,0.9049,0.27618,both,1,220
15-1255.00,After Effects,0.0037,0.9049,0.27501,both,1,220
15-1255.00,Wireframing,0.42488,0.9904,0.74255,postings,93,220
15-1255.00,Swift,0.00362,0.9049,0.27493,both,1,220
15-1255.00,UNIX Shell,0.0,0.9,0.27,onet,0,220
15-1255.00,Apache Cassandra,0.0,0.9,0.27,onet,0,220
15-1255.00,Angular,0.02263,0.9259,0.29995,both,6,220
15-1255.00,Oracle Java 2 Platform Enterprise Edition J2EE,0.0,0.9,0.27,onet,0,220
15-1255.00,Android SDK,0.0,0.9,0.27,onet,0,220
15-1255.00,AJAX,0.00443,0.9049,0.27571,both,1,220
15-1255.00,Git,0.0,0.9,0.27,onet,0,220
15-1255.00,Visual Design,0.2603,0.9502,0.54686,postings,60,220
15-1255.00,Ruby,0.0,0.9,0.27,onet,0,220
15-1255.00,InVision,0.06251,0.8652,0.3168,both,16,220
15-1255.00,Bootstrap,0.01163,0.9139,0.28542,both,3,220
15-1255.00,Python,0.01913,0.9181,0.29403,both,4,220
15-1255.00,Communication,0.28857,0.9612,0.58197,postings,65,220
15-1255.00,Microsoft Dynamics,0.01183,0.7418,0.23183,both,3,220
15-1255.00,NoSQL,0.0,0.9,0.27,onet,0,220
15-1255.00,UNIX,0.00984,0.9095,0.28233,both,2,220
15-1255.00,Adobe XD,0.08474,0.965,0.37605,both,21,220
15-1255.00,C++,0.0,0.9,0.27,onet,0,220
15-1255.00,Docker,0.0,0.9,0.27,onet,0,220
15-1255.00,Microsoft ASP.NET,0.0,0.9,0.27,onet,0,220
15-1255.00,SQL Server,0.0,0.9,0.27,onet,0,220
15-1255.00,Red Hat OpenShift,0.0,0.9,0.27,onet,0,220
15-1255.00,Amazon Elastic Compute Cloud EC2,0.0,0.9,0.27,onet,0,220
15-1255.00,Workflow,0.06317,0.5034,0.18468,postings,14,220
15-1255.00,C,0.0,0.9,0.27,onet,0,220
15-1255.01,Excel,0.0,0.9,0.27,onet,0,18
15-1255.01,After Effects,0.0,0.9,0.27,onet,0,18
15-1255.01,PowerPoint,0.0,0.9,0.27,onet,0,18
15-1255.01,Microsoft Word,0.0,0.9,0.27,onet,0,18
15-1255.01,Extensible markup language XML,0.0,0.9,0.27,onet,0,18
15-1255.01,Problem Solving,0.33147,0.2592,0.14379,postings,6,18
15-1255.01,MySQL,0.0,0.9,0.27,onet,0,18
15-1255.01,Unity,0.3536,0.9259,0.52943,both,6,18
15-1255.01,C#,0.14058,0.9095,0.37113,both,2,18
15-1255.01,Git,0.1187,0.9095,0.35584,both,2,18
15-1255.01,Microsoft Outlook,0.0,0.9,0.27,onet,0,18
15-1255.01,Jira,0.06003,0.9049,0.31321,both,1,18
15-1255.01,Game Development,0.91072,0.5507,0.55067,postings,16,18
15-1255.01,Hypertext markup language HTML,0.0,0.9,0.27,onet,0,18
15-1255.01,Microsoft Project,0.0,0.9,0.27,onet,0,18
15-1255.01,Communication,0.25801,0.2212,0.11023,postings,5,18
15-1255.01,Python,0.16664,0.9139,0.39123,both,3,18
15-1255.01,PHP,0.0,0.9,0.27,onet,0,18
15-1255.01,Microsoft Visio,0.0,0.9,0.27,onet,0,18
15-1255.01,JavaScript,0.0,0.9,0.27,onet,0,18
15-1255.01,TypeScript,0.0,0.9,0.27,onet,0,18
15-1255.01,Perforce,0.1412,0.7285,0.29763,both,2,18
15-1255.01,C++,0.34807,0.9259,0.52549,both,6,18
15-1255.01,Adobe Creative Cloud,0.0,0.9,0.27,onet,0,18
15-1255.01,Linux,0.0,0.9,0.27,onet,0,18
15-1255.01,Unreal Technology Unreal Engine,0.0,0.9,0.27,onet,0,18
15-1255.01,SQL Server,0.0,0.9,0.27,onet,0,18
15-1255.01,Photoshop,0.0,0.9,0.27,onet,0,18
15-1255.01,Microsoft Visual Studio,0.0,0.9,0.27,onet,0,18
15-1255.01,Autodesk Maya,0.0,0.9,0.27,onet,0,18
15-1255.01,Lua,0.07027,0.7146,0.25299,both,1,18
15-1255.01,Java,0.0,0.9,0.27,onet,0,18
15-1255.01,Perl,0.0,0.9,0.27,onet,0,18
15-1255.01,SQL,0.0,0.9,0.27,onet,0,18
15-1255.01,C,0.0,0.9,0.27,onet,0,18
15-1255.01,Illustrator,0.0,0.9,0.27,onet,0,18
15-1255.01,Microsoft Windows,0.0,0.9,0.27,onet,0,18
15-1299.04,iOS SDK,0.0,0.9,0.27,onet,0,11
15-1299.04,Portswigger BurP Suite,0.0,0.9,0.27,onet,0,11
15-1299.04,Shell script,0.0,0.9,0.27,onet,0,11
15-1299.04,Metasploit,0.0,0.9,0.27,onet,0,11
15-1299.04,GitHub,0.0,0.9,0.27,onet,0,11
15-1299.04,AWS,0.17014,0.9095,0.38118,both,2,11
15-1299.04,ASP,0.0,0.9,0.27,onet,0,11
15-1299.04,Vulnerability Management,0.54612,0.2592,0.17684,postings,6,11
15-1299.04,Kubernetes,0.0,0.9,0.27,onet,0,11
15-1299.04,Kali Linux,0.0,0.9,0.27,onet,0,11
15-1299.04,IBM Terraform,0.0,0.9,0.27,onet,0,11
15-1299.04,PHP,0.0,0.9,0.27,onet,0,11
15-1299.04,JavaScript,0.07031,0.9049,0.316,both,1,11
15-1299.04,Azure,0.10121,0.9049,0.33557,both,1,11
15-1299.04,Apple macOS,0.0,0.9,0.27,onet,0,11
15-1299.04,Microsoft Active Directory,0.0,0.9,0.27,onet,0,11
15-1299.04,Mobile Development,0.59365,0.2592,0.18546,postings,6,11
15-1299.04,Perl,0.13895,0.9095,0.36132,both,2,11
15-1299.04,SQL,0.0,0.9,0.27,onet,0,11
15-1299.04,Java,0.17252,0.9095,0.38269,both,2,11
15-1299.04,Ansible,0.0,0.9,0.27,onet,0,11
15-1299.04,Penetration Testing,1.0,0.4231,0.42305,postings,11,11
15-1299.04,Bash,0.06864,0.9049,0.31494,both,1,11
15-1299.04,Excel,0.0,0.9,0.27,onet,0,11
15-1299.04,PowerShell,0.07031,0.9049,0.316,both,1,11
15-1299.04,Tenable Nessus,0.0,0.9,0.27,onet,0,11
15-1299.04,Web Development,0.80553,0.3624,0.31304,postings,9,11
15-1299.04,Google Cloud,0.09344,0.7146,0.26113,both,1,11
15-1299.04,Web application,0.63516,0.7886,0.58719,both,7,11
15-1299.04,Oracle Java 2 Platform Enterprise Edition J2EE,0.0,0.9,0.27,onet,0,11
15-1299.04,Android SDK,0.0,0.9,0.27,onet,0,11
15-1299.04,C#,0.0,0.9,0.27,onet,0,11
15-1299.04,Ruby,0.0,0.9,0.27,onet,0,11
15-1299.04,Go,0.0,0.9,0.27,onet,0,11
15-1299.04,ServiceNow,0.0,0.9,0.27,onet,0,11
15-1299.04,Python,0.13895,0.9095,0.36132,both,2,11
15-1299.04,Splunk,0.0,0.9,0.27,onet,0,11
15-1299.04,UNIX,0.0,0.9,0.27,onet,0,11
15-1299.04,C++,0.0,0.9,0.27,onet,0,11
15-1299.04,Docker,0.0,0.9,0.27,onet,0,11
15-1299.04,Linux,0.0,0.9,0.27,onet,0,11
15-1299.04,Firewall,0.0,0.9,0.27,onet,0,11
15-1299.04,MITRE ATT&CK,0.0,0.9,0.27,onet,0,11
15-1299.04,SQL Server,0.0,0.9,0.27,onet,0,11
15-1299.04,Qualys Cloud Platform,0.0,0.9,0.27,onet,0,11
15-1299.04,Nmap,0.0,0.9,0.27,onet,0,11
15-1299.04,C,0.07031,0.9049,0.316,both,1,11
15-1299.05,Incident Response,0.2704,0.9765,0.66892,postings,75,263
15-1299.05,iOS SDK,0.0,0.9,0.27,onet,0,263
15-1299.05,Shell script,0.00439,0.9049,0.27711,both,1,263
15-1299.05,VPN,0.0578,0.5507,0.21052,postings,16,263
15-1299.05,GitHub,0.02103,0.9295,0.30669,both,7,263
15-1299.05,AWS,0.37619,0.9993,0.83508,both,99,263
15-1299.05,RESTful API,0.00304,0.7146,0.21748,both,1,263
15-1299.05,Leadership,0.24087,0.9631,0.61927,postings,66,263
15-1299.05,Vulnerability Management,0.49159,0.9986,0.99857,postings,131,263
15-1299.05,Kubernetes,0.08062,0.9667,0.40099,both,22,263
15-1299.05,Elasticsearch,0.0,0.9,0.27,onet,0,263
15-1299.05,DevOps,0.10992,0.7534,0.34394,postings,28,263
15-1299.05,IBM Terraform,0.0,0.9,0.27,onet,0,263
15-1299.05,Oracle Unified Directory,0.00451,0.7285,0.22324,both,2,263
15-1299.05,PHP,0.00439,0.9049,0.27711,both,1,263
15-1299.05,Microsoft Visio,0.0,0.9,0.27,onet,0,263
15-1299.05,Microsoft Access,0.0,0.9,0.27,onet,0,263
15-1299.05,JavaScript,0.06093,0.9593,0.37104,both,18,263
15-1299.05,Azure,0.30831,0.9982,0.73767,both,80,263
15-1299.05,Ubuntu,0.00298,0.7146,0.21742,both,1,263
15-1299.05,Apple macOS,0.0,0.9,0.27,onet,0,263
15-1299.05,Amazon Web Services AWS CloudFormation,0.0,0.9,0.27,onet,0,263
15-1299.05,RACF,0.00297,0.7146,0.21741,both,1,263
15-1299.05,Chef,0.01683,0.9181,0.29744,both,4,263
15-1299.05,MIS,0.00728,0.7285,0.22612,both,2,263
15-1299.05,Agile,0.14322,0.8428,0.4247,postings,37,263
15-1299.05,Microsoft Active Directory,0.00424,0.9049,0.27692,both,1,263
15-1299.05,SSIS,0.0,0.9,0.27,onet,0,263
15-1299.05,Data Analysis,0.05606,0.5276,0.20041,postings,15,263
15-1299.05,React,0.00905,0.9139,0.28596,both,3,263
15-1299.05,Collaborative editing,0.00487,0.7285,0.22362,both,2,263
15-1299.05,Networking,0.26396,0.9683,0.6544,postings,69,263
15-1299.05,Perl,0.02724,0.9295,0.31492,both,7,263
15-1299.05,SQL,0.06266,0.9551,0.37173,both,16,263
15-1299.05,Java,0.09989,0.9727,0.43019,both,26,263
15-1299.05,REST APIs,0.09858,0.7275,0.32035,postings,26,263
15-1299.05,Ansible,0.07428,0.965,0.39158,both,21,263
15-1299.05,SAML,0.0382,0.818,0.2899,both,10,263
15-1299.05,Penetration Testing,0.13758,0.8347,0.41394,postings,36,263
15-1299.05,Bash,0.08412,0.9699,0.40714,both,24,263
15-1299.05,SAN,0.10004,0.7408,0.32775,postings,27,263
15-1299.05,IDS,0.01422,0.7544,0.24159,both,4,263
15-1299.05,Single sign-on SSO,0.0,0.9,0.27,onet,0,263
15-1299.05,Risk Assessment,0.26611,0.9698,0.65842,postings,70,263
15-1299.05,PowerShell,0.10028,0.9741,0.43132,both,27,263
15-1299.05,Excel,0.0323,0.933,0.3228,both,8,263
15-1299.05,Puppet,0.01773,0.9221,0.29992,both,5,263
15-1299.05,Wireshark,0.00363,0.7146,0.21809,both,1,263
15-1299.05,PowerPoint,0.01526,0.9181,0.29538,both,4,263
15-1299.05,Cryptography,0.21321,0.9392,0.5669,postings,56,263
15-1299.05,Google Cloud,0.0607,0.8583,0.33167,both,15,263
15-1299.05,Web Development,0.09764,0.7275,0.31939,postings,26,263
15-1299.05,Problem Solving,0.22438,0.9477,0.58708,postings,59,263
15-1299.05,UNIX Shell,0.00451,0.9095,0.2787,both,2,263
15-1299.05,Web application,0.05576,0.8583,0.32563,both,15,263
15-1299.05,Network Security,0.33842,0.9889,0.7732,postings,90,263
15-1299.05,BGP,0.01161,0.9139,0.28928,both,3,263
15-1299.05,Active directory,0.05191,0.851,0.31821,both,14,263
15-1299.05,Confluence,0.0,0.9,0.27,onet,0,263
15-1299.05,Infrastructure as Code,0.09403,0.7408,0.32141,postings,27,263
15-1299.05,Cloud Computing,0.24689,0.9612,0.62629,postings,65,263
15-1299.05,C#,0.01804,0.9221,0.30032,both,5,263
15-1299.05,Git,0.04125,0.9423,0.33804,both,11,263
15-1299.05,Microsoft Outlook,0.0,0.9,0.27,onet,0,263
15-1299.05,Jira,0.01112,0.9181,0.28998,both,4,263
15-1299.05,Ruby,0.04781,0.9503,0.3498,both,14,263
15-1299.05,Go,0.04011,0.9423,0.33651,both,11,263
15-1299.05,ServiceNow,0.0,0.9,0.27,onet,0,263
15-1299.05,Communication,0.28503,0.9798,0.69157,postings,78,263
15-1299.05,Python,0.27295,0.9975,0.68696,both,74,263
15-1299.05,Jenkins CI,0.0,0.9,0.27,onet,0,263
15-1299.05,JavaScript Object Notation JSON,0.0,0.9,0.27,onet,0,263
15-1299.05,Encryption,0.13056,0.8173,0.39715,postings,34,263
15-1299.05,MongoDB,0.00858,0.9095,0.28396,both,2,263
15-1299.05,CI/CD,0.11993,0.808,0.38036,postings,33,263
15-1299.05,Splunk,0.05758,0.9573,0.36566,both,17,263
15-1299.05,NoSQL,0.00222,0.9049,0.27433,both,1,263
15-1299.05,UNIX,0.05102,0.9503,0.35414,both,14,263
15-1299.05,IBM DB2,0.0,0.9,0.27,onet,0,263
15-1299.05,C++,0.01285,0.9139,0.2909,both,3,263
15-1299.05,Access management,0.14489,0.8577,0.43428,postings,39,263
15-1299.05,Docker,0.05261,0.9528,0.35721,both,15,263
15-1299.05,Linux,0.17393,0.9895,0.54189,both,45,263
15-1299.05,Firewall,0.10357,0.9753,0.43644,both,28,263
15-1299.05,SQL Server,0.00945,0.9139,0.28648,both,3,263
15-1299.05,Platform as a service PaaS,0.00365,0.7146,0.2181,both,1,263
15-1299.05,Microsoft Teams,0.00222,0.9049,0.27433,both,1,263
15-1299.05,SharePoint,0.00679,0.9095,0.28165,both,2,263
15-1299.05,R,0.0,0.9,0.27,onet,0,263
15-1299.05,Snort,0.00227,0.7146,0.2167,both,1,263
15-1299.05,Project Management,0.08284,0.6671,0.27883,postings,22,263
15-1299.05,Microsoft Windows Server,0.0,0.9,0.27,onet,0,263
15-1299.05,SSRS,0.00304,0.9049,0.27537,both,1,263
15-1299.05,C,0.02583,0.933,0.31421,both,8,263
15-1299.05,Machine Learning,0.06165,0.5726,0.22204,postings,17,263
15-1299.05,Microsoft Windows,0.00872,0.9139,0.28553,both,3,263
15-1299.06,Risk Assessment,0.24947,0.3297,0.21898,postings,8,34
15-1299.06,iOS SDK,0.0,0.9,0.27,onet,0,34
15-1299.06,Computer forensic,0.03494,0.7146,0.25084,both,1,34
15-1299.06,Excel,0.24813,0.933,0.61785,both,8,34
15-1299.06,PowerShell,0.03501,0.9049,0.31772,both,1,34
15-1299.06,Slack,0.0,0.9,0.27,onet,0,34
15-1299.06,AWS,0.03464,0.9049,0.31723,both,1,34
15-1299.06,PowerPoint,0.13857,0.9181,0.46118,both,4,34
15-1299.06,Extensible markup language XML,0.0,0.9,0.27,onet,0,34
15-1299.06,Problem Solving,0.31253,0.4231,0.31994,postings,11,34
15-1299.06,Leadership,0.47947,0.5276,0.52763,postings,15,34
15-1299.06,Kubernetes,0.0,0.9,0.27,onet,0,34
15-1299.06,BGP,0.03501,0.9049,0.31772,both,1,34
15-1299.06,Google Workspace,0.0,0.9,0.27,onet,0,34
15-1299.06,C#,0.0,0.9,0.27,onet,0,34
15-1299.06,Hypertext markup language HTML,0.0,0.9,0.27,onet,0,34
15-1299.06,Ruby,0.03501,0.9049,0.31772,both,1,34
15-1299.06,Go,0.0,0.9,0.27,onet,0,34
15-1299.06,ServiceNow,0.0,0.9,0.27,onet,0,34
15-1299.06,Communication,0.28583,0.3935,0.28223,postings,10,34
15-1299.06,IBM Terraform,0.0,0.9,0.27,onet,0,34
15-1299.06,Python,0.03501,0.9049,0.31772,both,1,34
15-1299.06,PHP,0.0,0.9,0.27,onet,0,34
15-1299.06,Microsoft Access,0.0,0.9,0.27,onet,0,34
15-1299.06,JavaScript,0.0,0.9,0.27,onet,0,34
15-1299.06,Azure,0.03464,0.9049,0.31723,both,1,34
15-1299.06,Splunk,0.03501,0.9049,0.31772,both,1,34
15-1299.06,Apple macOS,0.0,0.9,0.27,onet,0,34
15-1299.06,UNIX,0.0,0.9,0.27,onet,0,34
15-1299.06,C++,0.0,0.9,0.27,onet,0,34
15-1299.06,Microsoft Windows,0.0,0.9,0.27,onet,0,34
15-1299.06,Incident Response,0.23552,0.3297,0.21226,postings,8,34
15-1299.06,Linux,0.03501,0.9049,0.31772,both,1,34
15-1299.06,Firewall,0.0,0.9,0.27,onet,0,34
15-1299.06,MITRE ATT&CK,0.0,0.9,0.27,onet,0,34
15-1299.06,Microsoft Active Directory,0.0,0.9,0.27,onet,0,34
15-1299.06,R,0.0,0.9,0.27,onet,0,34
15-1299.06,Microsoft Windows Server,0.0,0.9,0.27,onet,0,34
15-1299.06,Perl,0.03501,0.9049,0.31772,both,1,34
15-1299.06,SQL,0.03501,0.9049,0.31772,both,1,34
15-1299.06,Java,0.0,0.9,0.27,onet,0,34
15-1299.06,Ansible,0.0,0.9,0.27,onet,0,34
15-1299.06,C,0.0,0.9,0.27,onet,0,34
15-1299.06,Bash,0.03501,0.9049,0.31772,both,1,34
15-1299.06,IDS,0.03501,0.7146,0.25092,both,1,34
15-1299.07,GitHub,0.03414,0.9049,0.29599,both,1,18
15-1299.07,AWS,0.05332,0.9049,0.30977,both,1,18
15-1299.07,RESTful API,0.0,0.9,0.27,onet,0,18
15-1299.07,Angular,0.0,0.9,0.27,onet,0,18
15-1299.07,Kubernetes,0.0,0.9,0.27,onet,0,18
15-1299.07,Confluence,0.0,0.9,0.27,onet,0,18
15-1299.07,MySQL,0.05332,0.9049,0.30977,both,1,18
15-1299.07,C#,0.0,0.9,0.27,onet,0,18
15-1299.07,Git,0.0,0.9,0.27,onet,0,18
15-1299.07,Jira,0.0,0.9,0.27,onet,0,18
15-1299.07,Go,0.05955,0.9049,0.31425,both,1,18
15-1299.07,Communication,0.27571,0.2212,0.11478,postings,5,18
15-1299.07,IBM Terraform,0.0,0.9,0.27,onet,0,18
15-1299.07,Python,0.18904,0.9139,0.41135,both,3,18
15-1299.07,Jenkins CI,0.0,0.9,0.27,onet,0,18
15-1299.07,MongoDB,0.0,0.9,0.27,onet,0,18
15-1299.07,JavaScript,0.08746,0.9095,0.33601,both,2,18
15-1299.07,Azure,0.0,0.9,0.27,onet,0,18
15-1299.07,TypeScript,0.0,0.9,0.27,onet,0,18
15-1299.07,Grafana Labs Grafana Cloud,0.0,0.9,0.27,onet,0,18
15-1299.07,NoSQL,0.0,0.9,0.27,onet,0,18
15-1299.07,Splunk,0.0,0.9,0.27,onet,0,18
15-1299.07,Spring Framework,0.0,0.9,0.27,onet,0,18
15-1299.07,Kafka,0.0,0.9,0.27,onet,0,18
15-1299.07,Amazon Web Services AWS CloudFormation,0.0,0.9,0.27,onet,0,18
15-1299.07,C++,0.0,0.9,0.27,onet,0,18
15-1299.07,Docker,0.0,0.9,0.27,onet,0,18
15-1299.07,Linux,0.0,0.9,0.27,onet,0,18
15-1299.07,PostgreSQL,0.05332,0.9049,0.30977,both,1,18
15-1299.07,Rust programming language,0.0,0.9,0.27,onet,0,18
15-1299.07,Spring Boot,0.0,0.9,0.27,onet,0,18
15-1299.07,Node.js,0.05955,0.9049,0.31425,both,1,18
15-1299.07,React,0.08746,0.9095,0.33601,both,2,18
15-1299.07,Solidity,0.2833,0.9221,0.48405,both,5,18
15-1299.07,SQL,0.05332,0.9049,0.30977,both,1,18
15-1299.07,Java,0.06455,0.9049,0.31784,both,1,18
15-1299.07,Ansible,0.0,0.9,0.27,onet,0,18
15-1299.07,C,0.06455,0.9049,0.31784,both,1,18
15-1299.07,Blockchain,0.88166,0.5507,0.55067,postings,16,18
15-1299.08,Data Visualization,0.07561,0.8892,0.36914,postings,44,562
15-1299.08,IBM WebSphere MQ,0.00411,0.9095,0.27854,both,2,562
15-1299.08,Hibernate ORM,0.0,0.9,0.27,onet,0,562
15-1299.08,MEDITECH,0.0,0.9,0.27,onet,0,562
15-1299.08,Extensible markup language XML,0.0,0.9,0.27,onet,0,562
15-1299.08,Leadership,0.23255,0.9985,0.65316,postings,130,562
15-1299.08,Minitab,0.00168,0.7146,0.21622,both,1,562
15-1299.08,Transact-SQL,0.0,0.9,0.27,onet,0,562
15-1299.08,Epic Systems,0.0,0.9,0.27,onet,0,562
15-1299.08,MySQL,0.02358,0.9503,0.31923,both,14,562
15-1299.08,SAS,0.00768,0.9181,0.28618,both,4,562
15-1299.08,Marketo Marketing Automation,0.0,0.9,0.27,onet,0,562
15-1299.08,JavaScript,0.06927,0.9843,0.39911,both,37,562
15-1299.08,Salesforce,0.02271,0.9478,0.31712,both,13,562
15-1299.08,Amazon Web Services AWS CloudFormation,0.00187,0.9049,0.27405,both,1,562
15-1299.08,Hadoop,0.01461,0.933,0.30065,both,8,562
15-1299.08,SCADA,0.00495,0.7418,0.22813,both,3,562
15-1299.08,Microsoft Active Directory,0.00878,0.9221,0.28897,both,5,562
15-1299.08,SSIS,0.0,0.9,0.27,onet,0,562
15-1299.08,Veritas NetBackup,0.00169,0.7146,0.21622,both,1,562
15-1299.08,ESRI ArcGIS,0.00138,0.9049,0.27336,both,1,562
15-1299.08,Microservices,0.07662,0.8946,0.37276,postings,45,562
15-1299.08,LAN,0.0129,0.7886,0.25207,both,7,562
15-1299.08,Node.js,0.03388,0.9593,0.3373,both,18,562
15-1299.08,Networking,0.24113,0.9986,0.66629,postings,132,562
15-1299.08,REST APIs,0.12748,0.9713,0.47994,postings,71,562
15-1299.08,Java,0.14446,0.9984,0.51918,both,83,562
15-1299.08,UML,0.01491,0.8087,0.26098,both,9,562
15-1299.08,Risk Assessment,0.0611,0.8173,0.32125,postings,34,562
15-1299.08,Problem Solving,0.25699,0.9992,0.69079,postings,142,562
15-1299.08,JavaScript Object Notation JSON,0.0,0.9,0.27,onet,0,562
15-1299.08,CI/CD,0.347,0.9999,0.82838,postings,196,562
15-1299.08,MongoDB,0.02451,0.9478,0.31972,both,13,562
15-1299.08,Django,0.00194,0.9049,0.27414,both,1,562
15-1299.08,JUnit,0.00244,0.9095,0.27623,both,2,562
15-1299.08,TypeScript,0.00767,0.9221,0.2874,both,5,562
15-1299.08,Adobe Acrobat,0.0,0.9,0.27,onet,0,562
15-1299.08,Airflow,0.01085,0.9259,0.29307,both,6,562
15-1299.08,IBM WebSphere,0.00411,0.7285,0.22312,both,2,562
15-1299.08,Eclipse IDE,0.0,0.9,0.27,onet,0,562
15-1299.08,Microsoft Teams,0.00187,0.9049,0.27404,both,1,562
15-1299.08,Tableau,0.0115,0.9259,0.294,both,6,562
15-1299.08,Apache Maven,0.0,0.9,0.27,onet,0,562
15-1299.08,SSRS,0.00204,0.9049,0.27427,both,1,562
15-1299.08,VBA,0.00187,0.9049,0.27404,both,1,562
15-1299.08,Machine Learning,0.05635,0.7878,0.30392,postings,31,562
15-1299.08,Atlassian Bitbucket,0.0,0.9,0.27,onet,0,562
15-1299.08,WAN,0.0147,0.7989,0.25755,both,8,562
15-1299.08,GitHub,0.06804,0.9858,0.39787,both,39,562
15-1299.08,Ruby on Rails,0.0032,0.7285,0.22212,both,2,562
15-1299.08,ASP,0.00397,0.9095,0.27836,both,2,562
15-1299.08,MATLAB,0.02614,0.9551,0.32454,both,16,562
15-1299.08,Kubernetes,0.25006,0.9999,0.68075,both,142,562
15-1299.08,Apache Hive,0.0,0.9,0.27,onet,0,562
15-1299.08,Microsoft Project,0.00597,0.9139,0.28249,both,3,562
15-1299.08,DevOps,0.45967,1.0,1.0,postings,259,562
15-1299.08,IBM Terraform,0.0,0.9,0.27,onet,0,562
15-1299.08,Azure,0.25117,0.9999,0.68243,both,141,562
15-1299.08,Selenium,0.00103,0.9049,0.27288,both,1,562
15-1299.08,Apple macOS,0.0,0.9,0.27,onet,0,562
15-1299.08,Kafka,0.05039,0.9753,0.36745,both,28,562
15-1299.08,Adobe Creative Cloud,0.0,0.9,0.27,onet,0,562
15-1299.08,Chef,0.06693,0.9835,0.39528,both,36,562
15-1299.08,PostgreSQL,0.01282,0.933,0.2981,both,8,562
15-1299.08,Spring Boot,0.017,0.9393,0.30612,both,10,562
15-1299.08,React,0.00911,0.9221,0.28943,both,5,562
15-1299.08,Ansible,0.18578,0.9994,0.58256,both,102,562
15-1299.08,Scala,0.01571,0.9362,0.30327,both,9,562
15-1299.08,Amazon DynamoDB,0.0,0.9,0.27,onet,0,562
15-1299.08,PowerPoint,0.03279,0.9613,0.3364,both,19,562
15-1299.08,Swift,0.00278,0.9095,0.2767,both,2,562
15-1299.08,UNIX Shell,0.00194,0.9049,0.27414,both,1,562
15-1299.08,Apache Cassandra,0.0,0.9,0.27,onet,0,562
15-1299.08,Network Security,0.08121,0.8946,0.37901,postings,45,562
15-1299.08,BGP,0.00896,0.9221,0.28922,both,5,562
15-1299.08,AJAX,0.0,0.9,0.27,onet,0,562
15-1299.08,Git,0.10278,0.9942,0.45388,both,57,562
15-1299.08,Cloud Computing,0.25012,0.9992,0.68033,postings,142,562
15-1299.08,Communication,0.28081,0.9997,0.72739,postings,160,562
15-1299.08,Python,0.3551,1.0,0.84076,both,200,562
15-1299.08,Microsoft Dynamics,0.0156,0.7989,0.25865,both,8,562
15-1299.08,Autodesk AutoCAD,0.0,0.9,0.27,onet,0,562
15-1299.08,C++,0.03141,0.9613,0.33438,both,19,562
15-1299.08,GIS,0.00138,0.7146,0.21589,both,1,562
15-1299.08,Microsoft ASP.NET,0.0,0.9,0.27,onet,0,562
15-1299.08,Red Hat OpenShift,0.0,0.9,0.27,onet,0,562
15-1299.08,Amazon Elastic Compute Cloud EC2,0.0,0.9,0.27,onet,0,562
15-1299.08,C,0.02027,0.9451,0.31271,both,12,562
15-1299.08,GitLab,0.08109,0.99,0.41924,both,46,562
15-1299.08,Shell script,0.0,0.9,0.27,onet,0,562
15-1299.08,VPN,0.01299,0.7886,0.25217,both,7,562
15-1299.08,AWS,0.32178,1.0,0.79002,both,182,562
15-1299.08,CSS,0.00707,0.9181,0.28532,both,4,562
15-1299.08,Apache Subversion SVN,0.0,0.9,0.27,onet,0,562
15-1299.08,Spark,0.03481,0.9613,0.33936,both,19,562
15-1299.08,Oracle Cloud,0.00756,0.9221,0.28725,both,5,562
15-1299.08,Oracle PeopleSoft,0.0,0.9,0.27,onet,0,562
15-1299.08,jQuery,0.0,0.9,0.27,onet,0,562
15-1299.08,PHP,0.01714,0.9362,0.3053,both,9,562
15-1299.08,Microsoft Access,0.0,0.9,0.27,onet,0,562
15-1299.08,Ubuntu,0.01348,0.7886,0.25277,both,7,562
15-1299.08,Agile,0.248,0.999,0.67701,postings,139,562
15-1299.08,Salesforce Visualforce,0.00187,0.7146,0.21642,both,1,562
15-1299.08,SPSS,0.0,0.9,0.27,onet,0,562
15-1299.08,Microservices Architecture,0.00653,0.7544,0.23382,both,4,562
15-1299.08,Oracle DB,0.0,0.9,0.27,onet,0,562
15-1299.08,Cisco Webex,0.0,0.9,0.27,onet,0,562
15-1299.08,SQL,0.12372,0.9967,0.48678,both,68,562
15-1299.08,SAN,0.09389,0.9766,0.43261,both,51,562
15-1299.08,IDS,0.00195,0.7146,0.21651,both,1,562
15-1299.08,Trimble SketchUp Pro,0.0,0.9,0.27,onet,0,562
15-1299.08,Oracle Primavera Enterprise Project Portfolio Management,0.0,0.9,0.27,onet,0,562
15-1299.08,Autodesk Revit,0.0,0.9,0.27,onet,0,562
15-1299.08,Confluence,0.03643,0.9632,0.34241,both,20,562
15-1299.08,C#,0.04975,0.9753,0.36649,both,28,562
15-1299.08,Infrastructure as Code,0.19223,0.9959,0.59031,postings,110,562
15-1299.08,Teradata Database,0.0,0.9,0.27,onet,0,562
15-1299.08,Jira,0.05968,0.9808,0.38338,both,33,562
15-1299.08,Hypertext markup language HTML,0.0,0.9,0.27,onet,0,562
15-1299.08,Redis,0.02432,0.9478,0.31944,both,13,562
15-1299.08,Go,0.06451,0.9843,0.39197,both,37,562
15-1299.08,ServiceNow,0.02653,0.9503,0.32349,both,14,562
15-1299.08,Splunk,0.06579,0.9835,0.39358,both,36,562
15-1299.08,IBM DB2,0.0,0.9,0.27,onet,0,562
15-1299.08,Spring Framework,0.01356,0.9295,0.29806,both,7,562
15-1299.08,Redshift,0.00169,0.9049,0.27379,both,1,562
15-1299.08,LAMP Stack,0.00141,0.7146,0.21592,both,1,562
15-1299.08,Linux,0.21886,0.9998,0.63315,both,123,562
15-1299.08,Firewall,0.0387,0.965,0.34638,both,21,562
15-1299.08,Microsoft Visual Basic,0.0,0.9,0.27,onet,0,562
15-1299.08,Microsoft Exchange,0.00187,0.7146,0.21643,both,1,562
15-1299.08,SharePoint,0.01625,0.9362,0.30404,both,9,562
15-1299.08,R,0.00957,0.9221,0.29007,both,5,562
15-1299.08,Project Management,0.07417,0.8647,0.35707,postings,40,562
15-1299.08,Nagios,0.00363,0.7285,0.22259,both,2,562
15-1299.08,Microsoft Windows Server,0.00194,0.9049,0.27414,both,1,562
15-1299.08,Version Control,0.14667,0.9834,0.51469,postings,82,562
15-1299.08,Microsoft Windows,0.00317,0.9095,0.27725,both,2,562
15-1299.08,Bentley MicroStation,0.0,0.9,0.27,onet,0,562
15-1299.08,VMware,0.07105,0.9551,0.38989,both,38,562
15-1299.08,Elasticsearch,0.01899,0.9423,0.30995,both,11,562
15-1299.08,Google Analytics,0.0,0.9,0.27,onet,0,562
15-1299.08,GraphQL,0.00569,0.9139,0.28209,both,3,562
15-1299.08,Microsoft Visio,0.0,0.9,0.27,onet,0,562
15-1299.08,Grafana Labs Grafana Cloud,0.0,0.9,0.27,onet,0,562
15-1299.08,Oracle PL/SQL,0.0,0.9,0.27,onet,0,562
15-1299.08,.NET,0.04059,0.9683,0.35036,both,23,562
15-1299.08,Microsoft Power Platform,0.0,0.9,0.27,onet,0,562
15-1299.08,SAP,0.02127,0.9423,0.31321,both,11,562
15-1299.08,Microsoft Visual Studio,0.0,0.9,0.27,onet,0,562
15-1299.08,Perl,0.02535,0.9528,0.32261,both,15,562
15-1299.08,Photoshop,0.0,0.9,0.27,onet,0,562
15-1299.08,Bash,0.1191,0.9965,0.47969,both,67,562
15-1299.08,Apache Tomcat,0.0,0.9,0.27,onet,0,562
15-1299.08,PowerShell,0.13974,0.9979,0.51171,both,77,562
15-1299.08,Excel,0.06139,0.9826,0.38665,both,35,562
15-1299.08,Puppet,0.06941,0.985,0.39964,both,38,562
15-1299.08,Slack,0.01077,0.9259,0.29296,both,6,562
15-1299.08,Wireshark,0.00563,0.7418,0.2289,both,3,562
15-1299.08,Google Cloud,0.04436,0.9182,0.3375,both,26,562
15-1299.08,Angular,0.01708,0.9362,0.30522,both,9,562
15-1299.08,Oracle Java 2 Platform Enterprise Edition J2EE,0.0,0.9,0.27,onet,0,562
15-1299.08,Ruby,0.03568,0.9632,0.3413,both,20,562
15-1299.08,Jenkins CI,0.0,0.9,0.27,onet,0,562
15-1299.08,Optimization,0.13158,0.974,0.48737,postings,73,562
15-1299.08,NoSQL,0.02124,0.9451,0.3141,both,12,562
15-1299.08,Prometheus,0.06586,0.9835,0.39368,both,36,562
15-1299.08,UNIX,0.03741,0.965,0.34448,both,21,562
15-1299.08,Docker,0.23656,0.9999,0.66016,both,132,562
15-1299.08,Software Testing,0.07141,0.8647,0.35343,postings,40,562
15-1299.08,SQL Server,0.01671,0.9362,0.3047,both,9,562
15-1299.08,Dassault Systemes SolidWorks,0.0,0.9,0.27,onet,0,562
15-2031.00,Data Visualization,0.13741,0.6133,0.30161,postings,19,134
15-2031.00,Shell script,0.0,0.9,0.27,onet,0,134
15-2031.00,Power BI,0.08538,0.9451,0.39618,both,12,134
15-2031.00,GitHub,0.0,0.9,0.27,onet,0,134
15-2031.00,Statistics,0.13823,0.6133,0.30231,postings,19,134
15-2031.00,Microsoft Word,0.02639,0.9139,0.30784,both,3,134
15-2031.00,Extensible markup language XML,0.0,0.9,0.27,onet,0,134
15-2031.00,Leadership,0.31066,0.8775,0.64382,postings,42,134
15-2031.00,MATLAB,0.00877,0.9049,0.28254,both,1,134
15-2031.00,Oracle PeopleSoft,0.0,0.9,0.27,onet,0,134
15-2031.00,MySQL,0.0,0.9,0.27,onet,0,134
15-2031.00,SAS,0.0,0.9,0.27,onet,0,134
15-2031.00,Apache Hive,0.0,0.9,0.27,onet,0,134
15-2031.00,Microsoft Project,0.0,0.9,0.27,onet,0,134
15-2031.00,Marketo Marketing Automation,0.0,0.9,0.27,onet,0,134
15-2031.00,Microsoft Visio,0.0163,0.9095,0.29355,both,2,134
15-2031.00,Microsoft Access,0.01726,0.9095,0.29477,both,2,134
15-2031.00,Salesforce,0.0548,0.933,0.35127,both,8,134
15-2031.00,Apple macOS,0.0,0.9,0.27,onet,0,134
15-2031.00,Hadoop,0.0,0.9,0.27,onet,0,134
15-2031.00,Agile,0.06576,0.3297,0.12917,postings,8,134
15-2031.00,SAP,0.10695,0.9503,0.42699,both,14,134
15-2031.00,ESRI ArcGIS,0.0,0.9,0.27,onet,0,134
15-2031.00,Data Analysis,0.23558,0.7981,0.5019,postings,32,134
15-2031.00,SPSS,0.0,0.9,0.27,onet,0,134
15-2031.00,Perl,0.0,0.9,0.27,onet,0,134
15-2031.00,SQL,0.15511,0.9632,0.49752,both,20,134
15-2031.00,Scala,0.0,0.9,0.27,onet,0,134
15-2031.00,Bash,0.0,0.9,0.27,onet,0,134
15-2031.00,SAN,0.08873,0.5034,0.21338,postings,14,134
15-2031.00,Excel,0.50145,0.9965,0.99649,both,67,134
15-2031.00,PowerPoint,0.12097,0.9528,0.44672,both,15,134
15-2031.00,Problem Solving,0.31951,0.8835,0.65912,postings,43,134
15-2031.00,Swift,0.0,0.9,0.27,onet,0,134
15-2031.00,UNIX Shell,0.0,0.9,0.27,onet,0,134
15-2031.00,Microsoft Outlook,0.00899,0.9049,0.28282,both,1,134
15-2031.00,Teradata Database,0.0,0.9,0.27,onet,0,134
15-2031.00,Google Docs,0.0,0.9,0.27,onet,0,134
15-2031.00,Communication,0.37249,0.9093,0.74559,postings,48,134
15-2031.00,Python,0.02141,0.9139,0.30149,both,3,134
15-2031.00,Optimization,0.16034,0.6834,0.35797,postings,23,134
15-2031.00,Splunk,0.0,0.9,0.27,onet,0,134
15-2031.00,UNIX,0.0,0.9,0.27,onet,0,134
15-2031.00,C++,0.00858,0.9049,0.2823,both,1,134
15-2031.00,Redshift,0.0,0.9,0.27,onet,0,134
15-2031.00,Linux,0.00855,0.9049,0.28227,both,1,134
15-2031.00,Microsoft Visual Basic,0.0,0.9,0.27,onet,0,134
15-2031.00,SQL Server,0.0,0.9,0.27,onet,0,134
15-2031.00,Tableau,0.13021,0.9593,0.46217,both,18,134
15-2031.00,SharePoint,0.03536,0.9181,0.32076,both,4,134
15-2031.00,R,0.01685,0.9095,0.29425,both,2,134
15-2031.00,Project Management,0.14475,0.6321,0.31736,postings,20,134
15-2031.00,SSRS,0.0,0.9,0.27,onet,0,134
15-2031.00,C,0.01652,0.9095,0.29383,both,2,134
15-2031.00,VBA,0.01321,0.9095,0.28963,both,2,134
15-2041.00,AWS,0.0,0.9,0.27,onet,0,34
15-2041.00,Statistics,1.0,0.8173,0.81732,postings,34,34
15-2041.00,Microsoft Word,0.03462,0.9049,0.29339,both,1,34
15-2041.00,Extensible markup language XML,0.0,0.9,0.27,onet,0,34
15-2041.00,Spark,0.0,0.9,0.27,onet,0,34
15-2041.00,Minitab,0.07001,0.7285,0.25427,both,2,34
15-2041.00,MATLAB,0.0,0.9,0.27,onet,0,34
15-2041.00,Leadership,0.36148,0.4512,0.24952,postings,12,34
15-2041.00,SAS,0.62549,0.965,0.71202,both,21,34
15-2041.00,Microsoft Access,0.0,0.9,0.27,onet,0,34
15-2041.00,Hadoop,0.0,0.9,0.27,onet,0,34
15-2041.00,SAP,0.07087,0.9139,0.31952,both,3,34
15-2041.00,StataCorp Stata,0.0,0.9,0.27,onet,0,34
15-2041.00,Data Analysis,0.36598,0.4512,0.25094,postings,12,34
15-2041.00,SPSS,0.10429,0.9139,0.3409,both,3,34
15-2041.00,SQL,0.12237,0.9181,0.35408,both,4,34
15-2041.00,Excel,0.07083,0.9139,0.31949,both,3,34
15-2041.00,PowerPoint,0.02376,0.9049,0.28652,both,1,34
15-2041.00,Teradata Database,0.0,0.9,0.27,onet,0,34
15-2041.00,Communication,0.41872,0.478,0.28348,postings,13,34
15-2041.00,Python,0.0773,0.9139,0.32363,both,3,34
15-2041.00,SAS JMP,0.0,0.9,0.27,onet,0,34
15-2041.00,IBM DB2,0.0,0.9,0.27,onet,0,34
15-2041.00,UNIX,0.0,0.9,0.27,onet,0,34
15-2041.00,C++,0.0,0.9,0.27,onet,0,34
15-2041.00,Redshift,0.02907,0.9049,0.28988,both,1,34
15-2041.00,Linux,0.0,0.9,0.27,onet,0,34
15-2041.00,Microsoft Visual Basic,0.0,0.9,0.27,onet,0,34
15-2041.00,SQL Server,0.0,0.9,0.27,onet,0,34
15-2041.00,Tableau,0.02907,0.9049,0.28988,both,1,34
15-2041.00,R,0.30706,0.9393,0.48371,both,10,34
15-2041.00,Project Management,0.23108,0.3297,0.15223,postings,8,34
15-2041.00,VBA,0.02907,0.9049,0.28988,both,1,34
15-2051.00,Data Visualization,0.22906,0.9913,0.4972,postings,95,427
15-2051.00,Shell script,0.0,0.9,0.27,onet,0,427
15-2051.00,Power BI,0.04915,0.9632,0.33062,both,20,427
15-2051.00,GitHub,0.01897,0.9362,0.2965,both,9,427
15-2051.00,AWS,0.21699,0.9992,0.49052,both,96,427
15-2051.00,Statistics,0.58413,1.0,0.81395,postings,254,427
15-2051.00,Prototyping,0.0642,0.7534,0.26858,postings,28,427
15-2051.00,Spark,0.16066,0.9973,0.44016,both,72,427
15-2051.00,Leadership,0.20984,0.9883,0.47897,postings,89,427
15-2051.00,MATLAB,0.02182,0.9362,0.29884,both,9,427
15-2051.00,Kubernetes,0.08439,0.9808,0.36706,both,33,427
15-2051.00,Julia,0.00724,0.7418,0.22726,both,3,427
15-2051.00,SAS,0.08735,0.9858,0.3715,both,39,427
15-2051.00,Elasticsearch,0.0,0.9,0.27,onet,0,427
15-2051.00,Apache Hive,0.0,0.9,0.27,onet,0,427
15-2051.00,Scikit-learn,0.09237,0.9871,0.37637,both,41,427
15-2051.00,DevOps,0.07387,0.7654,0.27938,postings,29,427
15-2051.00,Algorithms,0.45032,0.9999,0.69617,postings,194,427
15-2051.00,Microsoft Access,0.0,0.9,0.27,onet,0,427
15-2051.00,JavaScript,0.0299,0.9528,0.31089,both,15,427
15-2051.00,Azure,0.13461,0.9942,0.41602,both,57,427
15-2051.00,Snowflake,0.03412,0.9503,0.31363,both,14,427
15-2051.00,Google Looker Analytics,0.0,0.9,0.27,onet,0,427
15-2051.00,Apache MXNet,0.00558,0.7285,0.22214,both,2,427
15-2051.00,Kafka,0.00715,0.9139,0.27993,both,3,427
15-2051.00,Business Intelligence,0.04534,0.884,0.30046,both,19,427
15-2051.00,Hadoop,0.08203,0.9817,0.36538,both,34,427
15-2051.00,MIS,0.00269,0.7146,0.21608,both,1,427
15-2051.00,PostgreSQL,0.00394,0.9095,0.27601,both,2,427
15-2051.00,Agile,0.15054,0.9526,0.41198,postings,61,427
15-2051.00,PyTorch,0.22714,0.9992,0.49944,both,96,427
15-2051.00,Flask,0.00656,0.7418,0.22682,both,3,427
15-2051.00,Data Analysis,0.42213,0.9999,0.67135,postings,184,427
15-2051.00,SPSS,0.02118,0.933,0.29728,both,8,427
15-2051.00,SciPy,0.01791,0.7886,0.249,both,7,427
15-2051.00,NLP,0.2471,0.9955,0.51507,postings,108,427
15-2051.00,NumPy,0.0639,0.9753,0.34744,both,28,427
15-2051.00,PySpark,0.02623,0.8269,0.26716,both,11,427
15-2051.00,Computer Vision,0.09667,0.8892,0.34239,postings,44,427
15-2051.00,Perl,0.01942,0.933,0.29583,both,8,427
15-2051.00,SQL,0.41507,1.0,0.66519,both,181,427
15-2051.00,REST APIs,0.08343,0.8647,0.32287,postings,40,427
15-2051.00,Java,0.10172,0.9895,0.3854,both,45,427
15-2051.00,Scala,0.10836,0.9918,0.3921,both,50,427
15-2051.00,Bash,0.01769,0.9295,0.29333,both,7,427
15-2051.00,SAN,0.13046,0.945,0.39196,postings,58,427
15-2051.00,Excel,0.05513,0.9683,0.33747,both,23,427
15-2051.00,Shiny,0.01009,0.7544,0.23301,both,4,427
15-2051.00,PowerPoint,0.01323,0.9221,0.28737,both,5,427
15-2051.00,Generative AI,0.23984,0.9933,0.50758,postings,100,427
15-2051.00,Big Data,0.16975,0.9787,0.43979,postings,77,427
15-2051.00,Google Cloud,0.09166,0.9479,0.36081,both,35,427
15-2051.00,Problem Solving,0.26514,0.9959,0.53111,postings,110,427
15-2051.00,Apache Cassandra,0.0,0.9,0.27,onet,0,427
15-2051.00,Alteryx,0.01361,0.9221,0.28767,both,5,427
15-2051.00,TensorFlow,0.19181,0.9982,0.46791,both,80,427
15-2051.00,Confluence,0.0027,0.9049,0.27361,both,1,427
15-2051.00,Cloud Computing,0.22177,0.9909,0.49062,postings,94,427
15-2051.00,C#,0.00531,0.9095,0.27711,both,2,427
15-2051.00,Git,0.04769,0.9632,0.32938,both,20,427
15-2051.00,pandas,0.06942,0.9788,0.35341,both,31,427
15-2051.00,Data Engineering,0.1923,0.9834,0.46142,postings,82,427
15-2051.00,Teradata Database,0.0,0.9,0.27,onet,0,427
15-2051.00,Jira,0.01565,0.9295,0.29165,both,7,427
15-2051.00,Ruby,0.0,0.9,0.27,onet,0,427
15-2051.00,Go,0.00981,0.9181,0.28337,both,4,427
15-2051.00,Communication,0.27739,0.9973,0.54258,postings,118,427
15-2051.00,Python,0.72701,1.0,0.93967,both,310,427
15-2051.00,BigQuery,0.02409,0.8087,0.25975,both,9,427
15-2051.00,Jenkins CI,0.0,0.9,0.27,onet,0,427
15-2051.00,JavaScript Object Notation JSON,0.0,0.9,0.27,onet,0,427
15-2051.00,Kubeflow,0.02358,0.8087,0.25939,both,9,427
15-2051.00,MongoDB,0.01988,0.933,0.29621,both,8,427
15-2051.00,CI/CD,0.08468,0.8262,0.30942,postings,35,427
15-2051.00,Jupyter,0.01849,0.7989,0.25267,both,8,427
15-2051.00,Keras,0.0352,0.8652,0.28635,both,16,427
15-2051.00,NoSQL,0.0546,0.9713,0.33807,both,25,427
15-2051.00,Splunk,0.01084,0.9221,0.28543,both,5,427
15-2051.00,Optimization,0.2099,0.9883,0.47902,postings,89,427
15-2051.00,UNIX,0.00274,0.9049,0.27365,both,1,427
15-2051.00,Data Modeling,0.10115,0.8647,0.33636,postings,40,427
15-2051.00,C++,0.05333,0.9713,0.33699,both,25,427
15-2051.00,Database Design,0.07431,0.8262,0.30189,postings,35,427
15-2051.00,Redshift,0.00556,0.9095,0.27731,both,2,427
15-2051.00,Docker,0.09137,0.9858,0.37498,both,39,427
15-2051.00,Airflow,0.02467,0.9393,0.30219,both,10,427
15-2051.00,Linux,0.04477,0.9593,0.32559,both,18,427
15-2051.00,Deep Learning,0.31583,0.9988,0.57721,postings,135,427
15-2051.00,SQL Server,0.02419,0.9362,0.30079,both,9,427
15-2051.00,Tableau,0.10892,0.9905,0.39206,both,47,427
15-2051.00,Mlflow,0.01252,0.7664,0.23835,both,5,427
15-2051.00,R,0.27326,0.9997,0.54026,both,116,427
15-2051.00,Project Management,0.09211,0.8428,0.32113,postings,37,427
15-2051.00,XGBoost,0.00466,0.7285,0.22155,both,2,427
15-2051.00,Amazon Elastic Compute Cloud EC2,0.0,0.9,0.27,onet,0,427
15-2051.00,spaCy,0.01806,0.7989,0.25237,both,8,427
15-2051.00,Neo4j,0.00253,0.7146,0.21598,both,1,427
15-2051.00,C,0.03564,0.9551,0.31647,both,16,427
15-2051.00,Version Control,0.07002,0.7769,0.28092,postings,30,427
15-2051.00,Machine Learning,0.79558,1.0,1.0,postings,341,427
15-2051.01,Data Visualization,0.47527,1.0,0.71252,postings,231,494
15-2051.01,Shell script,0.0,0.9,0.27,onet,0,494
15-2051.01,VPN,0.00237,0.7146,0.21586,both,1,494
15-2051.01,Hibernate ORM,0.0,0.9,0.27,onet,0,494
15-2051.01,Tableau,0.24718,0.9997,0.51442,both,119,494
15-2051.01,AWS,0.08758,0.9878,0.37141,both,42,494
15-2051.01,Data warehouse,0.11592,0.9826,0.39367,both,57,494
15-2051.01,MEDITECH,0.0,0.9,0.27,onet,0,494
15-2051.01,Microsoft Word,0.0,0.9,0.27,onet,0,494
15-2051.01,Statistics,0.2727,0.9989,0.5361,postings,136,494
15-2051.01,Extensible markup language XML,0.0,0.9,0.27,onet,0,494
15-2051.01,Spark,0.02739,0.9503,0.30769,both,14,494
15-2051.01,Oracle Cloud,0.00234,0.9049,0.2733,both,1,494
15-2051.01,Minitab,0.00139,0.7146,0.21525,both,1,494
15-2051.01,Transact-SQL,0.0,0.9,0.27,onet,0,494
15-2051.01,Epic Systems,0.0,0.9,0.27,onet,0,494
15-2051.01,Leadership,0.22141,0.9963,0.49036,postings,112,494
15-2051.01,Oracle PeopleSoft,0.0,0.9,0.27,onet,0,494
15-2051.01,MySQL,0.00831,0.9181,0.28206,both,4,494
15-2051.01,Data Warehousing,0.22516,0.9959,0.49341,postings,110,494
15-2051.01,SAS,0.06451,0.9798,0.34881,both,32,494
15-2051.01,Google Slides,0.00457,0.7285,0.22145,both,2,494
15-2051.01,ABAP,0.00237,0.7146,0.21586,both,1,494
15-2051.01,jQuery,0.00231,0.9049,0.27328,both,1,494
15-2051.01,Marketo Marketing Automation,0.0,0.9,0.27,onet,0,494
15-2051.01,PHP,0.0,0.9,0.27,onet,0,494
15-2051.01,Microsoft Access,0.00449,0.9095,0.2764,both,2,494
15-2051.01,JavaScript,0.08103,0.9843,0.36451,both,37,494
15-2051.01,Snowflake,0.06609,0.9808,0.35051,both,33,494
15-2051.01,Salesforce,0.01685,0.933,0.29354,both,8,494
15-2051.01,Google Looker Analytics,0.0,0.9,0.27,onet,0,494
15-2051.01,Business Intelligence,0.32564,0.9996,0.58244,postings,159,494
15-2051.01,Hadoop,0.01734,0.9362,0.29496,both,9,494
15-2051.01,Agile,0.14651,0.9753,0.41661,postings,74,494
15-2051.01,SSIS,0.02842,0.9503,0.30854,both,14,494
15-2051.01,Data Analysis,0.80647,1.0,1.0,postings,398,494
15-2051.01,ESRI ArcGIS,0.0,0.9,0.27,onet,0,494
15-2051.01,SPSS,0.01146,0.9259,0.28698,both,6,494
15-2051.01,Oracle DB,0.0,0.9,0.27,onet,0,494
15-2051.01,SQL,0.61325,1.0,0.83229,both,300,494
15-2051.01,Informatica,0.02642,0.9503,0.30689,both,14,494
15-2051.01,Java,0.02002,0.9362,0.29714,both,9,494
15-2051.01,Oracle Primavera Enterprise Project Portfolio Management,0.0,0.9,0.27,onet,0,494
15-2051.01,Big Data,0.05545,0.7408,0.25788,postings,27,494
15-2051.01,Problem Solving,0.23567,0.9965,0.50278,postings,113,494
15-2051.01,Alteryx,0.01736,0.9362,0.29498,both,9,494
15-2051.01,Google Ads,0.00232,0.7146,0.21583,both,1,494
15-2051.01,Confluence,0.0063,0.9139,0.27918,both,3,494
15-2051.01,C#,0.06257,0.9753,0.34557,both,28,494
15-2051.01,Data Engineering,0.10206,0.9179,0.35669,postings,50,494
15-2051.01,Microsoft Outlook,0.00454,0.9095,0.27644,both,2,494
15-2051.01,Teradata Database,0.0,0.9,0.27,onet,0,494
15-2051.01,Jira,0.02807,0.9528,0.30904,both,15,494
15-2051.01,Google Docs,0.0,0.9,0.27,onet,0,494
15-2051.01,Hypertext markup language HTML,0.0,0.9,0.27,onet,0,494
15-2051.01,Go,0.00225,0.9049,0.27323,both,1,494
15-2051.01,JavaScript Object Notation JSON,0.0,0.9,0.27,onet,0,494
15-2051.01,MongoDB,0.00387,0.9095,0.27591,both,2,494
15-2051.01,Django,0.0,0.9,0.27,onet,0,494
15-2051.01,Splunk,0.00432,0.9095,0.27627,both,2,494
15-2051.01,IBM DB2,0.00142,0.9049,0.27258,both,1,494
15-2051.01,ETL,0.1742,0.9857,0.44476,postings,85,494
15-2051.01,Adobe Acrobat,0.0,0.9,0.27,onet,0,494
15-2051.01,Redshift,0.03837,0.9593,0.31976,both,18,494
15-2051.01,Linux,0.00234,0.9049,0.2733,both,1,494
15-2051.01,Microsoft Visual Basic,0.0,0.9,0.27,onet,0,494
15-2051.01,Eclipse IDE,0.0,0.9,0.27,onet,0,494
15-2051.01,SharePoint,0.02673,0.9451,0.30546,both,12,494
15-2051.01,R,0.10247,0.9914,0.38559,both,49,494
15-2051.01,Project Management,0.11439,0.9361,0.37376,postings,55,494
15-2051.01,Microsoft Windows Server,0.0,0.9,0.27,onet,0,494
15-2051.01,SSRS,0.02071,0.9423,0.29963,both,11,494
15-2051.01,SAP Business Objects,0.00237,0.7146,0.21586,both,1,494
15-2051.01,VBA,0.03485,0.9551,0.31541,both,16,494
15-2051.01,Machine Learning,0.12966,0.9571,0.39486,postings,63,494
15-2051.01,Power BI,0.24977,0.9998,0.51667,both,121,494
15-2051.01,GitHub,0.00867,0.9181,0.28235,both,4,494
15-2051.01,ASP,0.0,0.9,0.27,onet,0,494
15-2051.01,MicroStrategy,0.0112,0.7778,0.24088,both,6,494
15-2051.01,MATLAB,0.01717,0.9362,0.29482,both,9,494
15-2051.01,Elasticsearch,0.0,0.9,0.27,onet,0,494
15-2051.01,Apache Hive,0.0,0.9,0.27,onet,0,494
15-2051.01,Google Analytics,0.01111,0.9221,0.28553,both,5,494
15-2051.01,Microsoft Project,0.0,0.9,0.27,onet,0,494
15-2051.01,Microsoft Visio,0.0,0.9,0.27,onet,0,494
15-2051.01,Relational database management,0.01578,0.7886,0.24738,both,7,494
15-2051.01,Azure,0.10154,0.9914,0.38478,both,49,494
15-2051.01,Kafka,0.00319,0.9095,0.27537,both,2,494
15-2051.01,Oracle PL/SQL,0.0,0.9,0.27,onet,0,494
15-2051.01,PostgreSQL,0.01061,0.9221,0.28513,both,5,494
15-2051.01,.NET,0.00201,0.9049,0.27304,both,1,494
15-2051.01,Microsoft Power Platform,0.0,0.9,0.27,onet,0,494
15-2051.01,SAP ERP,0.0,0.9,0.27,onet,0,494
15-2051.01,SAP,0.03887,0.9593,0.32017,both,18,494
15-2051.01,Microsoft Visual Studio,0.0,0.9,0.27,onet,0,494
15-2051.01,Perl,0.0,0.9,0.27,onet,0,494
15-2051.01,Scala,0.00807,0.9181,0.28187,both,4,494
15-2051.01,Amazon DynamoDB,0.0,0.9,0.27,onet,0,494
15-2051.01,Bash,0.00627,0.9139,0.27915,both,3,494
15-2051.01,Apache Tomcat,0.0,0.9,0.27,onet,0,494
15-2051.01,Excel,0.29387,0.9999,0.55504,both,148,494
15-2051.01,PowerShell,0.00232,0.9049,0.27329,both,1,494
15-2051.01,PowerPoint,0.05295,0.9741,0.33699,both,27,494
15-2051.01,Swift,0.0,0.9,0.27,onet,0,494
15-2051.01,UNIX Shell,0.00416,0.9095,0.27614,both,2,494
15-2051.01,Apache Cassandra,0.0,0.9,0.27,onet,0,494
15-2051.01,AJAX,0.00231,0.9049,0.27328,both,1,494
15-2051.01,Git,0.01736,0.933,0.29395,both,8,494
15-2051.01,Cloud Computing,0.0556,0.7275,0.25335,postings,26,494
15-2051.01,Ruby,0.00215,0.9049,0.27315,both,1,494
15-2051.01,Communication,0.29199,0.9992,0.55298,postings,142,494
15-2051.01,Python,0.27638,0.9999,0.53982,both,132,494
15-2051.01,Microsoft Dynamics,0.00237,0.7146,0.21586,both,1,494
15-2051.01,Oracle SQL Developer,0.0,0.9,0.27,onet,0,494
15-2051.01,Optimization,0.09502,0.8997,0.34413,postings,46,494
15-2051.01,NoSQL,0.02565,0.9451,0.30458,both,12,494
15-2051.01,UNIX,0.01066,0.9221,0.28517,both,5,494
15-2051.01,Data Modeling,0.2076,0.9983,0.4794,both,104,494
15-2051.01,C++,0.06906,0.9788,0.3523,both,31,494
15-2051.01,Database Design,0.10965,0.9328,0.36862,postings,54,494
15-2051.01,GIS,0.00417,0.7285,0.2212,both,2,494
15-2051.01,Jupyter Notebook,0.00215,0.7146,0.21572,both,1,494
15-2051.01,Microsoft ASP.NET,0.0,0.9,0.27,onet,0,494
15-2051.01,SQL Server,0.06189,0.9777,0.34582,both,30,494
15-2051.01,Amazon Elastic Compute Cloud EC2,0.0,0.9,0.27,onet,0,494
15-2051.01,C,0.00235,0.9049,0.27331,both,1,494
15-2051.01,Microsoft Power Automate,0.00388,0.9095,0.27592,both,2,494
27-1024.00,Figma,0.16489,0.9613,0.48406,both,19,111
27-1024.00,CSS,0.07803,0.933,0.36975,both,8,111
27-1024.00,Google Drive,0.00989,0.7146,0.22312,both,1,111
27-1024.00,Extensible markup language XML,0.0,0.9,0.27,onet,0,111
27-1024.00,Microsoft Word,0.0,0.9,0.27,onet,0,111
27-1024.00,Prototyping,0.06199,0.3297,0.12413,postings,8,111
27-1024.00,Leadership,0.14528,0.5507,0.26395,postings,16,111
27-1024.00,QuarkXPress,0.01019,0.7146,0.22338,both,1,111
27-1024.00,Bentley MicroStation,0.0,0.9,0.27,onet,0,111
27-1024.00,Video editing,0.10848,0.4512,0.19577,postings,12,111
27-1024.00,Microsoft Project,0.0,0.9,0.27,onet,0,111
27-1024.00,Adobe Premiere Pro,0.0,0.9,0.27,onet,0,111
27-1024.00,jQuery,0.0,0.9,0.27,onet,0,111
27-1024.00,PHP,0.0106,0.9049,0.2833,both,1,111
27-1024.00,Microsoft Visio,0.0,0.9,0.27,onet,0,111
27-1024.00,Microsoft Access,0.0,0.9,0.27,onet,0,111
27-1024.00,JavaScript,0.0,0.9,0.27,onet,0,111
27-1024.00,Apple macOS,0.0,0.9,0.27,onet,0,111
27-1024.00,Adobe Creative Cloud,0.07517,0.933,0.36646,both,8,111
27-1024.00,Autodesk AutoCAD Civil 3D,0.0,0.9,0.27,onet,0,111
27-1024.00,Intuit QuickBooks,0.0,0.9,0.27,onet,0,111
27-1024.00,SQL,0.0,0.9,0.27,onet,0,111
27-1024.00,InDesign,0.42803,0.9909,0.82083,both,48,111
27-1024.00,Photoshop,0.5671,0.9957,0.99571,both,63,111
27-1024.00,Excel,0.08887,0.9393,0.38484,both,10,111
27-1024.00,Trimble SketchUp Pro,0.0,0.9,0.27,onet,0,111
27-1024.00,Canva,0.02013,0.9095,0.29545,both,2,111
27-1024.00,After Effects,0.1318,0.9528,0.44083,both,15,111
27-1024.00,PowerPoint,0.14912,0.9573,0.46338,both,17,111
27-1024.00,Problem Solving,0.15717,0.5934,0.29315,postings,18,111
27-1024.00,Autodesk Revit,0.0,0.9,0.27,onet,0,111
27-1024.00,Digital Marketing,0.11507,0.4512,0.19944,postings,12,111
27-1024.00,AJAX,0.0,0.9,0.27,onet,0,111
27-1024.00,Visual Design,0.5449,0.9526,0.92654,postings,61,111
27-1024.00,Microsoft Outlook,0.0,0.9,0.27,onet,0,111
27-1024.00,Google Docs,0.02073,0.9095,0.29613,both,2,111
27-1024.00,Hypertext markup language HTML,0.0,0.9,0.27,onet,0,111
27-1024.00,Communication,0.25855,0.7654,0.47391,postings,29,111
27-1024.00,Asana,0.06039,0.2953,0.11061,postings,7,111
27-1024.00,Autodesk AutoCAD,0.0,0.9,0.27,onet,0,111
27-1024.00,Adobe Acrobat,0.0,0.9,0.27,onet,0,111
27-1024.00,WordPress,0.0608,0.9259,0.34726,both,6,111
27-1024.00,Project Management,0.16733,0.5934,0.30059,postings,18,111
27-1024.00,Illustrator,0.54238,0.995,0.96466,both,60,111
27-1024.00,Microsoft Windows,0.01026,0.9049,0.28292,both,1,111
